source,bias,factual_reporting,country,media_type,popularity,mbfc_credibility_rating
9news.com,neutral,high,usa,tv station,high traffic,high credibility
nbc11news.com,neutral,high,usa,tv station,medium traffic,high credibility
12news.com,neutral,high,usa,tv station,medium traffic,high credibility
wibw.com,neutral,high,usa,tv station,medium traffic,high credibility
wifr.com,neutral,high,usa,tv station,medium traffic,high credibility
247wallst.com,neutral,high,usa,website,medium traffic,high credibility
24ur.com,neutral,mixed,slovenia,website,high traffic,high credibility
38north.org,neutral,high,usa,organization/foundation,medium traffic,high credibility
join1440.com,neutral,high,usa,website,medium traffic,high credibility
abc7chicago.com,neutral,high,usa,tv station,high traffic,high credibility
abc7ny.com,neutral,high,usa,tv station,high traffic,high credibility
abc12.com,neutral,high,usa,tv station,medium traffic,high credibility
abs-cbn.com,neutral,high,philippines,tv station,high traffic,high credibility
actionnewsjax.com,neutral,high,usa,tv station,medium traffic,high credibility
adfontesmedia.com,neutral,high,usa,website,medium traffic,high credibility
lenconnect.com,left-center,high,usa,newspaper,minimal traffic,high credibility
adweek.com,neutral,high,usa,magazine,medium traffic,high credibility
africacheck.org,neutral,high,south africa,website,medium traffic,high credibility
agdaily.com,neutral,high,usa,website,minimal traffic,high credibility
afp.com,neutral,high,france,news agency,high traffic,high credibility
ansa.it,neutral,high,italy,news agency,high traffic,high credibility
agerpres.ro,neutral,high,romania,news agency,medium traffic,high credibility
agweb.com,right-center,high,usa,journal,medium traffic,high credibility
ahwatukee.com,neutral,high,usa,newspaper,minimal traffic,high credibility
airforcetimes.com,neutral,high,usa,newspaper,medium traffic,high credibility
airwars.org,neutral,high,united kingdom,organization/foundation,minimal traffic,high credibility
alabamanow.com,neutral,high,usa,newspaper,medium traffic,high credibility
alreporter.com,neutral,high,usa,website,medium traffic,high credibility
democratherald.com,neutral,high,usa,newspaper,medium traffic,high credibility
ad.nl,neutral,high,netherlands,newspaper,high traffic,high credibility
allafrica.com,neutral,high,south africa,website,medium traffic,high credibility
gmfus.org,neutral,high,usa,organization/foundation,medium traffic,high credibility
alloaadvertiser.com,neutral,high,united kingdom,newspaper,minimal traffic,high credibility
thealpenanews.com,neutral,high,usa,newspaper,minimal traffic,high credibility
amarillo.com,neutral,high,usa,newspaper,minimal traffic,high credibility
americanheritage.com,neutral,high,usa,website,minimal traffic,high credibility
americanpressinstitute.org,neutral,high,usa,organization/foundation,minimal traffic,high credibility
amomama.com,neutral,high,cyprus,website,high traffic,high credibility
adn.com,neutral,high,usa,newspaper,medium traffic,high credibility
independentmail.com,neutral,high,usa,newspaper,minimal traffic,high credibility
andoveradvertiser.co.uk,neutral,high,united kingdom,newspaper,minimal traffic,high credibility
mlive.com,neutral,high,usa,website,high traffic,high credibility
arcdigital.media,neutral,high,usa,website,minimal traffic,high credibility
ardrossanherald.com,neutral,high,united kingdom,newspaper,minimal traffic,high credibility
arirang.com,neutral,high,south korea,tv station,high traffic,high credibility
armytimes.com,neutral,high,usa,newspaper,medium traffic,high credibility
arstechnica.com,neutral,high,usa,website,high traffic,high credibility
asiatimes.com,neutral,high,hong kong,newspaper,medium traffic,high credibility
summitdaily.com,neutral,high,usa,newspaper,medium traffic,high credibility
athensmessenger.com,neutral,high,usa,newspaper,minimal traffic,high credibility
atlasobscura.com,neutral,high,usa,website,high traffic,high credibility
auburnpub.com,neutral,high,usa,newspaper,medium traffic,high credibility
aap.com.au,neutral,high,australia,news agency,medium traffic,high credibility
avenuenews.com,neutral,high,usa,newspaper,minimal traffic,high credibility
ayradvertiser.com,neutral,high,united kingdom,newspaper,minimal traffic,high credibility
azfamily.com,neutral,high,usa,tv station,medium traffic,high credibility
babnet.net,neutral,mixed,tunisia,website,medium traffic,medium credibility
ballotpedia.org,neutral,high,usa,organization/foundation,high traffic,high credibility
barrheadnews.com,neutral,high,united kingdom,newspaper,minimal traffic,high credibility
barryanddistrictnews.co.uk,neutral,high,united kingdom,newspaper,minimal traffic,high credibility
basingstokegazette.co.uk,neutral,high,united kingdom,newspaper,medium traffic,high credibility
beatricedailysun.com,neutral,high,usa,newspaper,minimal traffic,high credibility
bnd.com,right-center,high,usa,website,medium traffic,high credibility
benzinga.com,neutral,high,usa,website,high traffic,high credibility
bestlifeonline.com,neutral,mixed,usa,website,high traffic,high credibility
bettergov.org,neutral,high,usa,organization/foundation,minimal traffic,high credibility
bicesteradvertiser.net,neutral,high,united kingdom,newspaper,minimal traffic,high credibility
bigcountry995.com,neutral,high,usa,radio station,minimal traffic,high credibility
bignewsnetwork.com,neutral,mixed,united arab emirates,website,medium traffic,high credibility
bigthink.com,neutral,high,usa,website,high traffic,high credibility
sunherald.com,neutral,high,usa,newspaper,medium traffic,high credibility
biography.com,neutral,high,usa,website,high traffic,high credibility
bismarcktribune.com,neutral,high,usa,newspaper,medium traffic,high credibility
blastingnews.com,neutral,high,united kingdom,website,high traffic,high credibility
bleepingcomputer.com,neutral,high,usa,website,high traffic,high credibility
bnonews.com,neutral,high,netherlands,news agency,medium traffic,high credibility
bordercountiesadvertizer.co.uk,neutral,high,united kingdom,newspaper,minimal traffic,high credibility
borderreport.com,neutral,high,usa,website,medium traffic,high credibility
bordertelegraph.com,neutral,high,united kingdom,newspaper,minimal traffic,high credibility
borehamwoodtimes.co.uk,neutral,high,united kingdom,newspaper,minimal traffic,high credibility
bournemouthecho.co.uk,neutral,high,united kingdom,newspaper,high traffic,high credibility
bozemandailychronicle.com,neutral,high,usa,newspaper,medium traffic,high credibility
bracknellnews.co.uk,neutral,high,united kingdom,newspaper,minimal traffic,high credibility
thetelegraphandargus.co.uk,neutral,high,united kingdom,newspaper,high traffic,high credibility
braintreeandwithamtimes.co.uk,neutral,high,united kingdom,newspaper,minimal traffic,high credibility
brentwoodlive.co.uk,neutral,high,united kingdom,newspaper,minimal traffic,high credibility
bridgemi.com,left-center,high,usa,organization/foundation,medium traffic,high credibility
bringmethenews.com,neutral,high,usa,website,medium traffic,high credibility
heraldcourier.com,neutral,high,usa,newspaper,minimal traffic,high credibility
theeagle.com,neutral,high,usa,newspaper,medium traffic,high credibility
buffalonews.com,neutral,high,usa,newspaper,high traffic,high credibility
bullshido.net,neutral,high,usa,website,minimal traffic,high credibility
business2community.com,neutral,mixed,usa,website,minimal traffic,medium credibility
butlercountytimesgazette.com,neutral,high,usa,newspaper,minimal traffic,high credibility
canoncitydailyrecord.com,neutral,high,usa,newspaper,minimal traffic,high credibility
capecodtimes.com,neutral,high,usa,newspaper,medium traffic,high credibility
capecoralbreeze.com,neutral,high,usa,newspaper,minimal traffic,high credibility
capitolfax.com,neutral,high,usa,website,medium traffic,high credibility
carrollconews.com,neutral,high,usa,newspaper,minimal traffic,high credibility
trib.com,neutral,high,usa,newspaper,medium traffic,high credibility
castanet.net,neutral,high,canada,website,high traffic,high credibility
tucsonlocalmedia.com,neutral,high,usa,newspaper,minimal traffic,high credibility
cdt.org,neutral,high,usa,organization/foundation,minimal traffic,high credibility
opensecrets.org,neutral,high,usa,organization/foundation,medium traffic,high credibility
csis.org,neutral,high,usa,organization/foundation,medium traffic,high credibility
chandlernews.com,neutral,high,usa,newspaper,minimal traffic,high credibility
postregister.com,neutral,high,usa,newspaper,minimal traffic,high credibility
channelnewsasia.com,neutral,high,singapore,tv station,high traffic,high credibility
charitynavigator.org,neutral,high,usa,organization/foundation,medium traffic,high credibility
chathamhouse.org,neutral,high,united kingdom,organization/foundation,medium traffic,high credibility
timesfreepress.com,neutral,high,usa,newspaper,medium traffic,high credibility
thelandmark.com,neutral,high,usa,newspaper,minimal traffic,high credibility
chicoer.com,neutral,high,usa,newspaper,minimal traffic,high credibility
chinookobserver.com,neutral,high,usa,newspaper,minimal traffic,high credibility
chippewa.com,neutral,high,usa,newspaper,minimal traffic,high credibility
csmonitor.com,neutral,high,usa,magazine,medium traffic,high credibility
citynews.ca,neutral,high,canada,radio station,high traffic,high credibility
clarindaherald.com,neutral,high,usa,newspaper,medium traffic,high credibility
cctimesdemocrat.com,neutral,high,usa,newspaper,minimal traffic,high credibility
claytodayonline.com,neutral,high,usa,newspaper,minimal traffic,high credibility
claytonrecord.com,neutral,high,usa,newspaper,minimal traffic,high credibility
columbustelegram.com,neutral,high,usa,newspaper,minimal traffic,high credibility
cnet.com,neutral,high,usa,website,high traffic,high credibility
ced.org,neutral,high,usa,organization/foundation,minimal traffic,high credibility
cpj.org,neutral,high,usa,organization/foundation,minimal traffic,high credibility
communityimpact.com,neutral,high,usa,website,medium traffic,high credibility
independenttribune.com,neutral,high,usa,newspaper,minimal traffic,high credibility
concordmonitor.com,neutral,high,usa,newspaper,medium traffic,high credibility
congress.gov,neutral,high,usa,organization/foundation,high traffic,high credibility
cbo.gov,neutral,high,usa,organization/foundation (government),medium traffic,high credibility
constitutioncenter.org,neutral,high,usa,organization/foundation,medium traffic,high credibility
consumerreports.org,neutral,high,usa,magazine,high traffic,high credibility
cookcountynews-herald.com,neutral,high,usa,newspaper,minimal traffic,high credibility
cookpolitical.com,neutral,high,usa,website,medium traffic,high credibility
corriere.it,neutral,high,italy,newspaper,high traffic,high credibility
coronavirus.gov,neutral,high,usa,organization/foundation,high traffic,high credibility
gazettetimes.com,neutral,high,usa,newspaper,medium traffic,high credibility
cfr.org,neutral,high,usa,organization/foundation,medium traffic,high credibility
countable.com,neutral,high,usa,organization/foundation,minimal traffic,high credibility
countryliving.com,neutral,high,usa,magazine,high traffic,high credibility
courthousenews.com,neutral,high,usa,website,medium traffic,high credibility
courttv.com,neutral,high,usa,tv station,high traffic,high credibility
covidtracking.com,neutral,high,usa,website,minimal traffic,high credibility
cp24.com,neutral,high,canada,tv station,high traffic,high credibility
craigdailypress.com,neutral,high,usa,newspaper,minimal traffic,high credibility
crainscleveland.com,neutral,high,usa,magazine,medium traffic,high credibility
crainsdetroit.com,neutral,high,usa,magazine,medium traffic,high credibility
cruxnow.com,neutral,high,usa,website,medium traffic,high credibility
ctvnews.ca,neutral,high,canada,tv station,high traffic,high credibility
starexponent.com,neutral,high,usa,newspaper,minimal traffic,high credibility
dccircuitbreaker.org,neutral,high,usa,website,minimal traffic,high credibility
dailycamera.com,neutral,high,usa,newspaper,mediumtraffic,high credibility
dailyjournalonline.com,neutral,high,usa,newspaper,minimal traffic,high credibility
dailymaverick.co.za,neutral,high,south africa,website,high traffic,high credibility
nonpareilonline.com,neutral,high,usa,newspaper,minimal traffic,high credibility
dailyrecord.com,neutral,high,usa,newspaper,medium traffic,high credibility
godanriver.com,neutral,high,usa,newspaper,minimal traffic,high credibility
darientimes.com,neutral,high,usa,newspaper,minimal traffic,high credibility
daytondailynews.com,neutral,high,usa,newspaper,medium traffic,high credibility
defensenews.com,neutral,high,usa,website,medium traffic,high credibility
defenseone.com,neutral,high,usa,website,medium traffic,high credibility
shawlocal.com,neutral,high,usa,newspaper,medium traffic,high credibility
delawarelive.com,neutral,high,usa,website,minimal traffic,high credibility
dbrnews.com,neutral,high,usa,newspaper,minimal traffic,high credibility
dentonrc.com,neutral,high,usa,newspaper,medium traffic,high credibility
desmoinesregister.com,neutral,high,usa,newspaper,high traffic,high credibility
standaard.be,neutral,high,belgium,newspaper,high traffic,high credibility
detik.com,neutral,mixed,indonesia,website,high traffic,high credibility
differencebetween.net,neutral,high,usa,website,medium traffic,high credibility
digi24.ro,neutral,high,romania,tv station,high traffic,high credibility
digitaljournal.com,neutral,high,usa,website,medium traffic,high credibility
qconline.com,neutral,high,usa,newspaper,medium traffic,high credibility
dmagazine.com,neutral,high,usa,magazine,medium traffic,high credibility
doctorswithoutborders.org,neutral,high,france,organization/foundation,medium traffic,high credibility
dodgeglobe.com,neutral,high,usa,newspaper,minimal traffic,high credibility
dorsetecho.co.uk,neutral,high,united kingdom,newspaper,medium traffic,high credibility
dothaneagle.com,neutral,high,usa,newspaper,medium traffic,high credibility
dpa.com,neutral,high,germany,news agency,high traffic,high credibility
ladowntownnews.com,neutral,high,usa,newspaper,minimal traffic,high credibility
duluthnewstribune.com,neutral,high,usa,newspaper,medium traffic,high credibility
eagletribune.com,neutral,high,usa,newspaper,medium traffic,high credibility
yourobserver.com,neutral,high,usa,newspaper,minimal traffic,high credibility
edp24.co.uk,neutral,high,united kingdom,newspaper,high traffic,high credibility
eastidahonews.com,neutral,high,usa,website,medium traffic,high credibility
eastvalleytribune.com,neutral,high,usa,newspaper,medium traffic,high credibility
eatthis.com,neutral,mixed,usa,website,high traffic,high credibility
leadertelegram.com,neutral,high,usa,newspaper,medium traffic,high credibility
elkodaily.com,neutral,high,usa,newspaper,minimal traffic,high credibility
elnuevodia.com,neutral,high,puerto rico/usa,newspaper,high traffic,high credibility
yoursun.com,neutral,high,usa,newspaper,minimal traffic,high credibility
goerie.com,neutral,high,usa,newspaper,medium traffic,high credibility
err.ee,neutral,high,estonia,tv station,high traffic,high credibility
dailypress.net,neutral,high,usa,newspaper,minimal traffic,high credibility
echo-news.co.uk,neutral,high,united kingdom,newspaper,medium traffic,high credibility
eurasiagroup.net,left-center,high,usa,organization/foundation,minimal traffic,high credibility
times-standard.com,neutral,high,usa,newspaper,minimal traffic,high credibility
everycrsreport.com,neutral,high,usa,organization/foundation,minimal traffic,high credibility
factcheck.org,neutral,high,usa,organization/foundation,high traffic,high credibility
factwire.org,neutral,high,usa,website,minimal traffic,high credibility
fairmontsentinel.com,neutral,high,usa,newspaper,minimal traffic,high credibility
fayobserver.com,neutral,high,usa,newspaper,medium traffic,high credibility
federalnewsnetwork.com,neutral,high,usa,radio station,medium traffic,high credibility
ft.com,neutral,high,united kingdom,newspaper,high traffic,high credibility
firstcoastnews.com,neutral,high,usa,tv station,medium traffic,high credibility
firstdraftnews.org,neutral,high,usa,organization/foundation,minimal traffic,high credibility
sentinelandenterprise.com,neutral,high,usa,newspaper,minimal traffic,high credibility
floridapolitics.com,neutral,high,usa,website,medium traffic,high credibility
jacksonville.com,left-center,high,usa,newspaper,medium traffic,high credibility
foreignaffairs.com,neutral,high,usa,journal,medium traffic,high credibility
foreignpolicy.com,neutral,high,usa,magazine,high traffic,high credibility
messengernews.net,neutral,high,usa,newspaper,minimal traffic,high credibility
ftleavenworthlamp.com,neutral,high,usa,newspaper,minimal traffic,high credibility
fortmorgantimes.com,neutral,high,usa,newspaper,minimal traffic,high credibility
fosters.com,neutral,high,usa,newspaper,medium traffic,high credibility
fourstateshomepage.com,neutral,high,usa,tv station,medium traffic,high credibility
france24.com,neutral,high,france,tv station,high traffic,high credibility
thefranklinnewspost.com,neutral,high,usa,newspaper,minimal traffic,high credibility
fredericksburg.com,neutral,high,usa,newspaper,medium traffic,high credibility
fredericknewspost.com,neutral,high,usa,newspaper,medium traffic,high credibility
fremonttribune.com,neutral,high,usa,newspaper,minimal traffic,high credibility
advocate-news.com,neutral,high,usa,newspaper,minimal traffic,high credibility
fullfact.org,neutral,high,united kingdom,organization/foundation,medium traffic,high credibility
gallup.com,neutral,high,usa,organization/foundation,high traffic,high credibility
gctelegram.com,neutral,high,usa,newspaper,minimal traffic,high credibility
geek.com,neutral,high,usa,website,minimal traffic,high credibility
geekwire.com,neutral,high,usa,website,medium traffic,high credibility
gilbertsunnews.com,neutral,high,usa,newspaper,minimal traffic,high credibility
sun-courier.com,neutral,high,usa,newspaper,minimal traffic,high credibility
gladstonedispatch.com,neutral,high,usa,newspaper,minimal traffic,high credibility
glendalestar.com,neutral,high,usa,newspaper,minimal traffic,high credibility
postindependent.com,neutral,high,usa,newspaper,medium traffic,high credibility
globalintegrity.org,neutral,high,usa,organization/foundation,minimal traffic,high credibility
globalslaveryindex.org,neutral,high,australia,website,minimal traffic,high credibility
globegazette.com,neutral,high,usa,newspaper,medium traffic,high credibility
goodnewsnetwork.org,neutral,high,usa,website,medium traffic,high credibility
gao.gov,neutral,high,usa,organization/foundation,medium traffic,high credibility
govtrack.us,neutral,high,usa,website,medium traffic,high credibility
granitefallsnews.com,neutral,high,usa,newspaper,minimal traffic,high credibility
thegraftonnews.com,neutral,high,usa,newspaper,minimal traffic,high credibility
theindependent.com,neutral,high,usa,newspaper,medium traffic,high credibility
greatfallstribune.com,neutral,high,usa,newspaper,minimal traffic,high credibility
greenbaypressgazette.com,neutral,high,usa,newspaper,medium traffic,high credibility
greenvilleonline.com,neutral,high,usa,newspaper,medium traffic,high credibility
ground.news,neutral,mixed,canada,website/app,high traffic,high credibility
group30.org,neutral,high,usa,organization/foundation,minimal traffic,high credibility
presstelegram.com,neutral,high,usa,newspaper,medium traffic,high credibility
ycombinator.com,neutral,mixed,usa,website,high traffic,high credibility
hiawathaworldonline.com,neutral,high,usa,newspaper,minimal traffic,high credibility
hamburgreporter.com,neutral,high,usa,newspaper,minimal traffic,high credibility
journal-news.com,neutral,high,usa,newspaper,medium traffic,high credibility
hanfordsentinel.com,neutral,mixed,usa,newspaper,minimal traffic,high credibility
hbr.org,neutral,high,usa,magazine,high traffic,high credibility
harvard.edu,neutral,high,usa,website,medium traffic,high credibility
hastingstribune.com,neutral,high,usa,newspaper,minimal traffic,high credibility
hdnews.net,neutral,high,usa,newspaper,minimal traffic,high credibility
herald-review.com,neutral,high,usa,newspaper,medium traffic,high credibility
dailybreeze.com,neutral,high,usa,newspaper,medium traffic,high credibility
heterodoxacademy.org,neutral,high,usa,organization/foundation,minimal traffic,high credibility
hickoryrecord.com,neutral,high,usa,newspaper,medium traffic,high credibility
homelandsecuritynewswire.com,neutral,high,usa,website,minimal traffic,high credibility
howstuffworks.com,neutral,high,usa,website,high traffic,high credibility
howtogeek.com,neutral,high,usa,website,high traffic,high credibility
i24news.tv,neutral,mixed,israel,website,medium traffic,medium credibility
idahostatesman.com,neutral,high,usa,website,medium traffic,high credibility
inc.com,neutral,high,usa,magazine,high traffic,high credibility
helenair.com,neutral,high,usa,newspaper,medium traffic,high credibility
ivn.us,neutral,high,usa,organization/foundation,minimal traffic,high credibility
indexmundi.com,neutral,high,usa,website,medium traffic,high credibility
indystar.com,neutral,high,usa,newspaper,high traffic,high credibility
dailybulletin.com,neutral,high,usa,newspaper,medium traffic,high credibility
iwpr.org,neutral,high,usa,organization/foundation,minimal traffic,high credibility
ipi.media,neutral,high,austria,organization/foundation,minimal traffic,high credibility
investing.com,neutral,mixed,cyprus,website,high traffic,medium credibility
investopedia.com,neutral,high,usa,website,high traffic,high credibility
ipsos.com,neutral,high,france,organization/foundation,medium traffic,high credibility
ironmountaindailynews.com,neutral,high,usa,newspaper,minimal traffic,high credibility
jaxdailyrecord.com,neutral,high,usa,newspaper,minimal traffic,high credibility
japantimes.co.jp,neutral,high,japan,newspaper,high traffic,high credibility
kaaltv.com,neutral,high,usa,tv station,medium traffic,high credibility
abc7.com,neutral,high,usa,tv station,high traffic,high credibility
kadn.com,neutral,high,usa,tv station,minimal traffic,high credibility
kagstv.com,neutral,high,usa,tv station,minimal traffic,high credibility
kait8.com,neutral,high,usa,tv station,mediumtraffic,high credibility
kalb.com,neutral,high,usa,tv station,medium traffic,high credibility
everythinglubbock.com,neutral,high,usa,tv station,medium traffic,high credibility
myhighplains.com,neutral,high,usa,tv station,medium traffic,high credibility
yaktrinews.com,neutral,high,usa,tv station,medium traffic,high credibility
myarklamiss.com,neutral,high,usa,tv station,medium traffic,high credibility
kare11.com,neutral,high,usa,tv station,high traffic,high credibility
kark.com,neutral,high,usa,tv station,medium traffic,high credibility
katc.com,neutral,high,usa,tv station,medium traffic,high credibility
alaskasnewssource.com,neutral,high,usa,tv station,medium traffic,high credibility
newschannel6now.com,neutral,high,usa,tv station,medium traffic,high credibility
crossroadstoday.com,neutral,high,usa,tv station,minimal traffic,high credibility
kbjr6.com,neutral,high,usa,tv station,medium traffic,high credibility
12newsnow.com,neutral,high,usa,tv station,medium traffic,high credibility
kbtx.com,neutral,high,usa,tv station,medium traffic,high credibility
kcbd.com,neutral,high,usa,tv station,medium traffic,high credibility
kcci.com,neutral,high,usa,tv station,medium traffic,high credibility
thedenverchannel.com,neutral,high,usa,tv station,high traffic,high credibility
kcentv.com,neutral,high,usa,tv station,medium traffic,high credibility
newspressnow.com,neutral,high,usa,tv station,medium traffic,high credibility
kcrg.com,neutral,high,usa,tv station,medium traffic,high credibility
q13fox.com,neutral,high,usa,tv station,medium traffic,high credibility
kcra.com,neutral,high,usa,tv station,high traffic,high credibility
kctv5.com,neutral,high,usa,tv station,medium traffic,high credibility
cw33.com,neutral,high,usa,tv station,medium traffic,high credibility
cbs4local.com,right-center,high,usa,tv station,medium traffic,high credibility
fox4news.com,neutral,high,usa,tv station,high traffic,high credibility
kdrv.com,neutral,high,usa,tv station,medium traffic,high credibility
kdvr.com,neutral,high,usa,tv station,medium traffic,high credibility
kearneyhub.com,neutral,high,usa,newspaper,minimal traffic,high credibility
keloland.com,neutral,high,usa,tv station,medium traffic,high credibility
kens5.com,neutral,high,usa,tv station,medium traffic,high credibility
turnto23.com,neutral,high,usa,tv station,medium traffic,high credibility
kesq.com,neutral,high,usa,tv station,medium traffic,high credibility
ketk.com,neutral,high,usa,tv station,medium traffic,high credibility
ketv.com,neutral,high,usa,tv station,high traffic,high credibility
blackhillsfox.com,neutral,high,usa,tv station,minimal traffic,high credibility
keyc.com,neutral,high,usa,tv station,minimal traffic,high credibility
cbsaustin.com,right-center,high,usa,tv station,medium traffic,high credibility
keyt.com,neutral,high,usa,tv station,medium traffic,high credibility
keysnews.com,neutral,high,usa,newspaper,minimal traffic,high credibility
kezi.com,neutral,high,usa,tv station,medium traffic,high credibility
newschannel10.com,neutral,high,usa,tv station,medium traffic,high credibility
cbs8.com,neutral,high,usa,tv station,medium traffic,high credibility
nwahomepage.com,neutral,high,usa,tv station,medium traffic,high credibility
kfvs12.com,neutral,high,usa,tv station,medium traffic,high credibility
kfyrtv.com,neutral,high,usa,tv station,medium traffic,high credibility
kget.com,neutral,high,usa,tv station,medium traffic,high credibility
hawaiinewsnow.com,neutral,high,usa,tv station,high traffic,high credibility
kgns.tv,neutral,high,usa,tv station,medium traffic,high credibility
yourcentralvalley.com,neutral,high,usa,tv station,medium traffic,high credibility
kgw.com,neutral,high,usa,tv station,high traffic,high credibility
wyomingnewsnow.tv,neutral,high,usa,tv station,minimal traffic,high credibility
4029tv.com,neutral,high,usa,tv station,medium traffic,high credibility
khits.com,neutral,high,usa,radio station,minimal traffic,high credibility
khon2.com,neutral,high,usa,tv station,medium traffic,high credibility
khou.com,neutral,high,usa,tv station,high traffic,high credibility
actionnewsnow.com,neutral,high,usa,tv station,medium traffic,high credibility
cw39.com,neutral,high,usa,tv station,medium traffic,high credibility
myfoxzone.com,neutral,high,usa,tv station,minimal traffic,high credibility
kiem-tv.com,neutral,high,usa,tv station,minimal traffic,high credibility
localnews8.com,neutral,high,usa,tv station,medium traffic,high credibility
kiiitv.com,neutral,high,usa,tv station,medium traffic,high credibility
kimt.com,neutral,high,usa,tv station,medium traffic,high credibility
king5.com,neutral,high,usa,tv station,high traffic,high credibility
kion546.com,neutral,high,usa,tv station,medium traffic,high credibility
kiowacountysignal.com,neutral,high,usa,newspaper,minimal traffic,high credibility
kiplinger.com,neutral,high,usa,magazine,high traffic,high credibility
kiro7.com,neutral,high,usa,tv station,medium traffic,high credibility
kitv.com,neutral,high,usa,tv station,medium traffic,high credibility
kivitv.com,neutral,high,usa,tv station,medium traffic,high credibility
kjct8.com,neutral,high,usa,tv station,minimal traffic,high credibility
kktv.com,neutral,high,usa,tv station,medium traffic,high credibility
8newsnow.com,neutral,high,usa,tv station,medium traffic,high credibility
klax-tv.com,neutral,high,usa,tv station,minimal traffic,high credibility
klfy.com,neutral,high,usa,tv station,medium traffic,high credibility
ourquadcities.com,neutral,high,usa,tv station,medium traffic,high credibility
fox16.com,neutral,high,usa,tv station,medium traffic,high credibility
kltv.com,neutral,high,usa,tv station,medium traffic,high credibility
kmbc.com,neutral,high,usa,tv station,medium traffic,high credibility
abc17news.com,neutral,high,usa,tv station,medium traffic,high credibility
kmov.com,neutral,high,usa,tv station,medium traffic,high credibility
nbcnebraskascottsbluff.com,neutral,high,usa,tv station,minimal traffic,high credibility
3newsnow.com,neutral,high,usa,tv station,medium traffic,high credibility
kmvt.com,neutral,high,usa,tv station,minimal traffic,high credibility
knoe.com,neutral,high,usa,tv station,medium traffic,high credibility
knopnews2.com,neutral,high,usa,tv station,minimal traffic,high credibility
1011np.com,neutral,high,usa,tv station,minimal traffic,high credibility
abc15.com,neutral,high,usa,tv station,high traffic,high credibility
koaa.com,neutral,high,usa,tv station,medium traffic,high credibility
koamnewsnow.com,neutral,high,usa,tv station,medium traffic,high credibility
koat.com,neutral,high,usa,tv station,medium traffic,high credibility
kob.com,neutral,high,usa,tv station,medium traffic,high credibility
koin.com,neutral,high,usa,tv station,medium traffic,high credibility
fox23.com,neutral,high,usa,tv station,medium traffic,high credibility
kold.com,neutral,high,usa,tv station,medium traffic,high credibility
1011now.com,neutral,high,usa,tv station,medium traffic,high credibility
kolotv.com,neutral,high,usa,tv station,medium traffic,high credibility
ozarksfirst.com,neutral,high,usa,tv station,medium traffic,high credibility
kompas.com,neutral,mixed,indonesia,website,high traffic,high credibility
cbs7.com,neutral,high,usa,tv station,medium traffic,high credibility
kotatv.com,neutral,high,usa,tv station,medium traffic,high credibility
newson6.com,neutral,high,usa,tv station,high traffic,high credibility
kpax.com,neutral,high,usa,tv station,medium traffic,high credibility
kristv.com,neutral,high,usa,tv station,medium traffic,high credibility
kplctv.com,neutral,high,usa,tv station,medium traffic,high credibility
click2houston.com,neutral,high,usa,tv station,high traffic,high credibility
kptv.com,neutral,high,usa,tv station,medium traffic,high credibility
kpvi.com,neutral,high,usa,tv station,medium traffic,high credibility
krdo.com,neutral,high,usa,tv station,medium traffic,high credibility
krem.com,neutral,high,usa,tv station,medium traffic,high credibility
fox26houston.com,neutral,high,usa,tv station,medium traffic,high credibility
kron4.com,neutral,high,usa,tv station,medium traffic,high credibility
krqe.com,neutral,high,usa,tv station,medium traffic,high credibility
krtv.com,neutral,high,usa,tv station,medium traffic,high credibility
ksat.com,neutral,high,usa,tv station,high traffic,high credibility
fox10phoenix.com,neutral,high,usa,tv station,high traffic,high credibility
ksbw.com,neutral,high,usa,tv station,medium traffic,high credibility
ksdk.com,neutral,high,usa,tv station,high traffic,high credibility
dakotanewsnow.com,neutral,high,usa,tv station,medium traffic,high credibility
kshb.com,neutral,high,usa,tv station,medium traffic,high credibility
ksl.com,neutral,high,usa,tv station,high traffic,high credibility
ksla.com,neutral,high,usa,tv station,medium traffic,high credibility
ksnblocal4.com,neutral,high,usa,tv station,medium traffic,high credibility
ksnt.com,neutral,high,usa,tv station,medium traffic,high credibility
ksn.com,neutral,high,usa,tv station,medium traffic,high credibility
ky3.com,neutral,high,usa,tv station,medium traffic,high credibility
kstp.com,neutral,high,usa,tv station,high traffic,high credibility
fox5sandiego.com,neutral,high,usa,tv station,medium traffic,high credibility
kswo.com,neutral,high,usa,tv station,medium traffic,high credibility
bigcountryhomepage.com,neutral,high,usa,tv station,medium traffic,high credibility
arklatexhomepage.com,neutral,high,usa,tv station,minimal traffic,high credibility
fox7austin.com,neutral,high,usa,tv station,medium traffic,high credibility
ktvb.com,neutral,high,usa,tv station,medium traffic,high credibility
ktiv.com,neutral,high,usa,tv station,medium traffic,high credibility
ktla.com,neutral,high,usa,tv station,high traffic,high credibility
ktnv.com,neutral,high,usa,tv station,medium traffic,high credibility
ktre.com,neutral,high,usa,tv station,medium traffic,high credibility
ktsm.com,neutral,high,usa,tv station,medium traffic,high credibility
kttc.com,neutral,high,usa,tv station,medium traffic,high credibility
foxla.com,neutral,high,usa,tv station,high traffic,high credibility
webcenterfairbanks.com,neutral,high,usa,tv station,minimal traffic,high credibility
ktvh.com,neutral,high,usa,tv station,minimal traffic,high credibility
fox2now.com,neutral,high,usa,tv station,medium traffic,high credibility
ktvq.com,neutral,high,usa,tv station,medium traffic,high credibility
ktvu.com,neutral,high,usa,tv station,high traffic,high credibility
abc4.com,neutral,high,usa,tv station,medium traffic,high credibility
ktvz.com,neutral,high,usa,tv station,medium traffic,high credibility
fox40.com,neutral,high,usa,tv station,medium traffic,high credibility
nonstoplocal.com,neutral,high,usa,tv station,minimal traffic,high credibility
valleycentral.com,neutral,high,usa,tv station,medium traffic,high credibility
kvia.com,neutral,high,usa,tv station,medium traffic,high credibility
kvoa.com,neutral,high,usa,tv station,medium traffic,high credibility
kvue.com,neutral,high,usa,tv station,medium traffic,high credibility
fox5vegas.com,neutral,high,usa,tv station,medium traffic,high credibility
kwch.com,neutral,high,usa,tv station,medium traffic,high credibility
newswest9.com,neutral,high,usa,tv station,minimal traffic,high credibility
fox44news.com,neutral,high,usa,tv station,minimal traffic,high credibility
weau.com,neutral,high,usa,tv station,medium traffic,high credibility
news9.com,neutral,high,usa,tv station,high traffic,high credibility
kwtx.com,neutral,high,usa,tv station,medium traffic,high credibility
kwwl.com,neutral,high,usa,tv station,medium traffic,high credibility
kxan.com,neutral,high,usa,tv station,medium traffic,high credibility
kxii.com,neutral,high,usa,tv station,medium traffic,high credibility
kxlf.com,neutral,high,usa,tv station,minimal traffic,high credibility
kxlh.com,neutral,high,usa,tv station,minimal traffic,high credibility
kxly.com,neutral,high,usa,tv station,medium traffic,high credibility
kxnet.com,neutral,high,usa,tv station,medium traffic,high credibility
fox21news.com,neutral,high,usa,tv station,medium traffic,high credibility
abc10.com,neutral,high,usa,tv station,medium traffic,high credibility
kxxv.com,neutral,high,usa,tv station,medium traffic,high credibility
kyma.com,neutral,high,usa,tv station,medium traffic,high credibility
kyoutv.com,neutral,high,usa,tv station,medium traffic,high credibility
cbs19.tv,neutral,high,usa,tv station,minimal traffic,high credibility
lacrossetribune.com,neutral,high,usa,newspaper,medium traffic,high credibility
ledevoir.com,neutral,high,canada,newspaper,high traffic,high credibility
lahainanews.com,neutral,high,usa,newspaper,minimal traffic,high credibility
record-bee.com,neutral,high,usa,newspaper,minimal traffic,high credibility
lakegenevanews.net,neutral,high,usa,newspaper,medium traffic,high credibility
lalibre.be,neutral,high,belgium,newspaper,high traffic,high credibility
law360.com,neutral,high,usa,website,medium traffic,high credibility
ljworld.com,neutral,high,usa,newspaper,medium traffic,high credibility
leavenworthtimes.com,neutral,high,usa,newspaper,minimal traffic,high credibility
ldnews.com,neutral,high,usa,newspaper,minimal traffic,high credibility
lebanon-express.com,neutral,high,usa,newspaper,minimal traffic,high credibility
wellingtondailynews.com,neutral,high,usa,newspaper,minimal traffic,high credibility
lesoir.be,neutral,high,belgium,newspaper,high traffic,high credibility
lexch.com,neutral,high,usa,newspaper,minimal traffic,high credibility
lrt.lt,neutral,high,lithuania,website,high traffic,high credibility
liveuamap.com,neutral,mixed,usa,website,high traffic,high credibility
lancasteronline.com,neutral,high,usa,newspaper,medium traffic,high credibility
logically.ai,neutral,high,united kingdom,website,medium traffic,high credibility
lompocrecord.com,neutral,high,usa,newspaper,minimal traffic,high credibility
timescall.com,neutral,high,usa,newspaper,medium traffic,high credibility
reporterherald.com,neutral,high,usa,newspaper,medium traffic,high credibility
lovelycitizen.com,neutral,high,usa,newspaper,minimal traffic,high credibility
lowellsun.com,neutral,high,usa,newspaper,minimal traffic,high credibility
newsadvance.com,neutral,high,usa,newspaper,medium traffic,high credibility
mapleridgenews.com,left-center,high,canada,newspaper,medium traffic,high credibility
marinij.com,neutral,high,usa,newspaper,medium traffic,high credibility
emountainwave.com,neutral,high,usa,newspaper,minimal traffic,high credibility
timesrepublican.com,neutral,high,usa,newspaper,minimal traffic,high credibility
martinsvillebulletin.com,neutral,high,usa,newspaper,minimal traffic,high credibility
mcdowellnews.com,neutral,high,usa,newspaper,medium traffic,high credibility
mcphersonsentinel.com,neutral,high,usa,newspaper,minimal traffic,high credibility
mediapost.com,neutral,high,usa,website,medium traffic,high credibility
commercialappeal.com,neutral,high,usa,newspaper,medium traffic,high credibility
mendocinobeacon.com,neutral,high,usa,newspaper,minimal traffic,high credibility
myrecordjournal.com,neutral,high,usa,newspaper,medium traffic,high credibility
themesatribune.com,neutral,high,usa,newspaper,minimal traffic,high credibility
newsnationnow.com,neutral,high,usa,tv station,high traffic,high credibility
republic-online.com,neutral,high,usa,newspaper,minimal traffic,high credibility
millburysutton.com,neutral,high,usa,newspaper,minimal traffic,high credibility
livemint.com,neutral,mixed,india,newspaper,high traffic,medium credibility
modernhealthcare.com,neutral,high,usa,magazine,medium traffic,high credibility
monroenews.com,left-center,high,usa,newspaper,minimal traffic,high credibility
thenewsstar.com,left-center,high,usa,newspaper,medium traffic,high credibility
montenews.com,neutral,high,usa,newspaper,minimal traffic,high credibility
mooresvilletribune.com,neutral,high,usa,newspaper,medium traffic,high credibility
morganton.com,neutral,high,usa,newspaper,minimal traffic,high credibility
morningconsult.com,neutral,high,usa,organization/foundation,medium traffic,high credibility
flippinonline.com,neutral,high,usa,newspaper,minimal traffic,high credibility
muscatinejournal.com,neutral,high,usa,newspaper,minimal traffic,high credibility
mynewsla.com,neutral,mixed,usa,website,medium traffic,high credibility
navytimes.com,neutral,high,usa,newspaper,medium traffic,high credibility
newarkpostonline.com,neutral,high,usa,newspaper,minimal traffic,high credibility
newfolks.com,neutral,high,usa,website,minimal traffic,high credibility
newsandnews.com,neutral,high,usa,website,minimal traffic,high credibility
news24.com,neutral,high,south africa,website,high traffic,high credibility
newsguardtech.com,neutral,high,usa,website,medium traffic,high credibility
nujournal.com,neutral,high,usa,newspaper,minimal traffic,high credibility
nknews.org,neutral,mixed,usa,website,medium traffic,high credibility
northkoreatimes.com,neutral,mixed,usa,website,minimal traffic,medium credibility
nptelegraph.com,neutral,high,usa,newspaper,minimal traffic,high credibility
northtamatelegraph.com,neutral,high,usa,newspaper,minimal traffic,high credibility
nwfdailynews.com,neutral,high,usa,newspaper,medium traffic,high credibility
nwitimes.com,neutral,high,usa,newspaper,medium traffic,high credibility
novinite.com,neutral,mixed,bulgaria,website,medium traffic,high credibility
oanow.com,neutral,high,usa,newspaper,medium traffic,high credibility
openmindmag.org,neutral,high,usa,website,minimal traffic,high credibility
oregonlive.com,neutral,high,usa,newspaper,high traffic,high credibility
ormondbeachobserver.com,neutral,high,usa,newspaper,minimal traffic,high credibility
orovillemr.com,neutral,high,usa,newspaper,minimal traffic,high credibility
ottawaherald.com,neutral,high,usa,newspaper,minimal traffic,high credibility
oxfordmail.co.uk,neutral,high,united kingdom,newspaper,high traffic,high credibility
parkrecord.com,neutral,high,usa,newspaper,medium traffic,high credibility
pasadenastarnews.com,neutral,high,usa,newspaper,minimal traffic,high credibility
pjstar.com,neutral,high,usa,newspaper,medium traffic,high credibility
peoriatimes.com,neutral,high,usa,newspaper,minimal traffic,high credibility
pewresearch.org,neutral,high,usa,organization/foundation,high traffic,high credibility
starheraldnews.com,neutral,high,usa,newspaper,minimal traffic,high credibility
pontevedrarecorder.com,neutral,high,usa,newspaper,minimal traffic,high credibility
pratttribune.com,neutral,high,usa,newspaper,minimal traffic,high credibility
pressofatlanticcity.com,neutral,high,usa,newspaper,medium traffic,high credibility
punchbowl.news,neutral,high,usa,website,medium traffic,high credibility
queencreektribune.com,neutral,high,usa,newspaper,minimal traffic,high credibility
journaltimes.com,neutral,high,usa,newspaper,medium traffic,high credibility
audacy.com,neutral,high,usa,tv station,high traffic,high credibility
rferl.org,neutral,mixed,usa,website,high traffic,high credibility
rainylakegazette.com,neutral,high,usa,newspaper,minimal traffic,high credibility
rand.org,neutral,high,usa,organization/foundation,medium traffic,high credibility
ravallirepublic.com,neutral,high,usa,newspaper,minimal traffic,high credibility
redding.com,left-center,high,usa,newspaper,medium traffic,high credibility
redbluffdailynews.com,neutral,high,usa,newspaper,minimal traffic,high credibility
redlandsdailyfacts.com,neutral,high,usa,newspaper,minimal traffic,high credibility
redwoodfallsgazette.com,neutral,high,usa,newspaper,minimal traffic,high credibility
repustar.com,neutral,high,usa,organization/foundation,minimal traffic,high credibility
reuters.com,neutral,high,united kingdom,news agency,high traffic,high credibility
rexburgstandardjournal.com,neutral,high,usa,newspaper,minimal traffic,high credibility
rfi.fr,neutral,mixed,france,radio station,high traffic,high credibility
rocanews.com,neutral,mixed,usa,website,minimal traffic,medium credibility
rte.ie,neutral,high,ireland,tv station,high traffic,high credibility
sgvtribune.com,neutral,high,usa,newspaper,medium traffic,high credibility
santacruzsentinel.com,neutral,high,usa,newspaper,medium traffic,high credibility
santansun.com,neutral,high,usa,newspaper,minimal traffic,high credibility
starherald.com,neutral,high,usa,newspaper,minimal traffic,high credibility
scottsdaleairpark.com,neutral,high,usa,newspaper,minimal traffic,high credibility
scottsdale.org,neutral,high,usa,newspaper,minimal traffic,high credibility
semafor.com,neutral,high,usa,website,minimal traffic,high credibility
shareably.net,neutral,mixed,usa,website,medium traffic,medium credibility
valleynewstoday.com,neutral,high,usa,newspaper,minimal traffic,high credibility
shorensteincenter.org,neutral,high,usa,organization/foundation,minimal traffic,high credibility
sierrasun.com,neutral,high,usa,newspaper,medium traffic,high credibility
simplepolitics.co.uk,neutral,high,usa,website,minimal traffic,high credibility
skyhinews.com,neutral,high,usa,newspaper,minimal traffic,high credibility
sky.com,neutral,high,united kingdom,tv station,high traffic,high credibility
sleepyeyenews.com,neutral,high,usa,newspaper,minimal traffic,high credibility
aspentimes.com,neutral,high,usa,newspaper,minimal traffic,high credibility
socialmediatoday.com,neutral,high,usa,website,medium traffic,high credibility
orangeobserver.com,neutral,high,usa,newspaper,minimal traffic,high credibility
spectrumlocalnews.com,neutral,high,usa,website,medium traffic,high credibility
ny1.com,neutral,high,usa,tv station,medium traffic,high credibility
spectrumreport.com,neutral,mixed,usa,website,minimal traffic,low credibility
springfieldnewssun.com,neutral,high,usa,newspaper,medium traffic,high credibility
spotlightpa.org,neutral,high,usa,organization/foundation,minimal traffic,high credibility
statista.com,neutral,high,germany,website,high traffic,high credibility
steamboatpilot.com,neutral,high,usa,newspaper,medium traffic,high credibility
journal-advocate.com,neutral,high,usa,newspaper,minimal traffic,high credibility
sjnewsonline.com,neutral,high,usa,newspaper,minimal traffic,high credibility
strategypage.com,neutral,high,usa,website,medium traffic,high credibility
studyfinds.org,neutral,high,usa,website,medium traffic,high credibility
swvatoday.com,neutral,high,usa,newspaper,minimal traffic,high credibility
tahoedailytribune.com,neutral,high,usa,newspaper,medium traffic,high credibility
tamatoledonews.com,neutral,high,usa,newspaper,minimal traffic,high credibility
techspot.com,neutral,high,usa,website,high traffic,high credibility
thefoothillsfocus.com,neutral,high,usa,newspaper,minimal traffic,high credibility
tetonvalleynews.net,neutral,high,usa,newspaper,minimal traffic,high credibility
digitaltrends.com,neutral,high,usa,website,medium traffic,high credibility
argonautnews.com,neutral,high,usa,newspaper,minimal traffic,high credibility
afr.com,right-center,high,australia,newspaper,high traffic,high credibility
thebalance.com,neutral,high,usa,website,high traffic,high credibility
thebulltulsa.com,neutral,high,usa,radio station,minimal traffic,high credibility
thecanadianpress.com,neutral,high,canada,news agency,high traffic,high credibility
cepr.org,neutral,high,united kingdom,organization/foundation,medium traffic,high credibility
columbian.com,neutral,high,usa,newspaper,medium traffic,high credibility
constitution.com,neutral,high,usa,website,medium traffic,high credibility
daily-chronicle.com,neutral,high,usa,newspaper,medium traffic,high credibility
tdn.com,neutral,high,usa,newspaper,medium traffic,high credibility
dailyprogress.com,neutral,high,usa,newspaper,medium traffic,high credibility
thediplomat.com,neutral,high,japan,magazine,medium traffic,high credibility
929thedrive.com,neutral,high,usa,radio station,minimal traffic,high credibility
economist.com,neutral,high,united kingdom,magazine,high traffic,high credibility
thefencepost.com,neutral,high,usa,newspaper,minimal traffic,high credibility
theflipside.io,neutral,high,usa,website,minimal traffic,high credibility
hjnews.com,neutral,high,usa,newspaper,medium traffic,high credibility
thehill.com,neutral,mixed,usa,newspaper,high traffic,high credibility
jordantimes.com,neutral,mixed,jordan,newspaper,high traffic,medium credibility
themanual.com,neutral,high,usa,website,medium traffic,high credibility
mariettatimes.com,neutral,high,usa,newspaper,medium traffic,high credibility
miningjournal.net,neutral,high,usa,newspaper,minimal traffic,high credibility
mcall.com,neutral,high,usa,website,medium traffic,high credibility
scnow.com,neutral,high,usa,newspaper,medium traffic,high credibility
thekansan.com,neutral,high,usa,newspaper,minimal traffic,high credibility
newsvirginian.com,neutral,high,usa,newspaper,minimal traffic,high credibility
monmouth.edu,neutral,high,usa,newspaper,minimal traffic,high credibility
postandcourier.com,neutral,high,usa,newspaper,medium traffic,high credibility
poststar.com,neutral,high,usa,newspaper,minimal traffic,high credibility
syracuse.com,neutral,high,usa,newspaper,high traffic,high credibility
theprimarymarket.com,neutral,mixed,usa,website,medium traffic,medium credibility
recordnet.com,neutral,high,usa,newspaper,medium traffic,high credibility
theregister.com,neutral,high,united kingdom,website,high traffic,high credibility
therepublic.com,neutral,high,usa,newspaper,medium traffic,high credibility
masslive.com,neutral,high,usa,newspaper,high traffic,high credibility
thecalifornian.com,left-center,high,usa,newspaper,minimal traffic,high credibility
scotsman.com,neutral,high,united kingdom,newspaper,high traffic,high credibility
cumberlink.com,neutral,high,usa,newspaper,medium traffic,high credibility
thesmokinggun.com,neutral,high,usa,website,medium traffic,high credibility
sociable.co,neutral,high,ireland,website,minimal traffic,high credibility
thesouthern.com,neutral,high,usa,newspaper,medium traffic,high credibility
spokesman.com,neutral,high,usa,newspaper,medium traffic,high credibility
stardem.com,neutral,high,usa,newspaper,minimal traffic,high credibility
thestrategybridge.org,neutral,high,usa,organization/foundation,minimal traffic,high credibility
tennessean.com,neutral,high,usa,newspaper,high traffic,high credibility
thetandd.com,neutral,high,usa,newspaper,medium traffic,high credibility
thetowntalk.com,neutral,high,usa,newspaper,minimal traffic,high credibility
trentonian.com,neutral,high,usa,newspaper,minimal traffic,high credibility
vindy.com,neutral,high,usa,newspaper,medium traffic,high credibility
wcfcourier.com,neutral,high,usa,newspaper,medium traffic,high credibility
theunion.com,neutral,high,usa,newspaper,medium traffic,high credibility
zdf.de,neutral,high,germany,tv station,high traffic,high credibility
thirdway.org,neutral,mixed,usa,organization/foundation,minimal traffic,high credibility
thoughtco.com,neutral,high,usa,website,high traffic,high credibility
thv11.com,neutral,high,usa,tv station,medium traffic,high credibility
timesofsandiego.com,neutral,high,usa,website,medium traffic,high credibility
magicvalley.com,neutral,high,usa,newspaper,medium traffic,high credibility
todayifoundout.com,neutral,high,usa,website,medium traffic,high credibility
tonganoxiemirror.com,neutral,high,usa,newspaper,minimal traffic,high credibility
transparency.org,neutral,high,germany,organization/foundation,medium traffic,high credibility
transpartisanreview.com,neutral,mixed,usa,website,minimal traffic,high credibility
record-eagle.com,neutral,high,usa,newspaper,medium traffic,high credibility
tribunecontentagency.com,neutral,high,usa,news agency,medium traffic,high credibility
tri-cityherald.com,neutral,high,usa,newspaper,medium traffic,high credibility
truthorfiction.com,neutral,high,usa,website,medium traffic,high credibility
tucsonweekly.com,neutral,high,usa,newspaper,minimal traffic,high credibility
tut.by,neutral,mixed,belarus,website,high traffic,high credibility
tvw.org,neutral,high,usa,tv station,minimal traffic,high credibility
loganwoodbine.com,neutral,high,usa,newspaper,minimal traffic,high credibility
ukiahdailyjournal.com,neutral,high,usa,newspaper,minimal traffic,high credibility
upi.com,neutral,high,usa,news agency,medium traffic,high credibility
house.gov,neutral,high,usa,organization/government,high traffic,high credibility
uscourts.gov,neutral,high,usa,organization/foundation,high traffic,high credibility
usaspending.gov,neutral,high,usa,organization/foundation,medium traffic,high credibility
usafacts.org,neutral,high,usa,website,medium traffic,high credibility
standard.net,right-center,high,usa,newspaper,medium traffic,high credibility
vaildaily.com,neutral,high,usa,newspaper,medium traffic,high credibility
timesheraldonline.com,neutral,high,usa,newspaper,minimal traffic,high credibility
vcreporter.com,neutral,high,usa,newspaper,minimal traffic,high credibility
verifythis.com,neutral,high,usa,website,medium traffic,high credibility
voanews.com,neutral,high,usa,radio station,high traffic,high credibility
vinnews.com,neutral,mixed,usa,website,medium traffic,medium credibility
votesmart.org,neutral,high,usa,organization/foundation,medium traffic,high credibility
waaytv.com,neutral,high,usa,tv station,medium traffic,high credibility
deltanews.tv,neutral,high,usa,tv station,minimal traffic,high credibility
wabi.tv,neutral,high,usa,tv station,medium traffic,high credibility
wacotrib.com,neutral,high,usa,newspaper,medium traffic,high credibility
wafb.com,neutral,high,usa,tv station,medium traffic,high credibility
fox5atlanta.com,neutral,high,usa,tv station,high traffic,high credibility
wagmtv.com,neutral,high,usa,tv station,minimal traffic,high credibility
wahoo-ashland-waverly.com,neutral,high,usa,newspaper,minimal traffic,high credibility
fox10tv.com,neutral,high,usa,tv station,medium traffic,high credibility
walb.com,neutral,high,usa,tv station,medium traffic,high credibility
wandtv.com,neutral,high,usa,tv station,medium traffic,high credibility
wane.com,neutral,high,usa,tv station,high traffic,high credibility
waow.com,neutral,high,usa,tv station,medium traffic,high credibility
wapt.com,neutral,high,usa,tv station,medium traffic,high credibility
warontherocks.com,neutral,high,usa,website,medium traffic,high credibility
c-span.org,neutral,high,usa,tv station,high traffic,high credibility
wtop.com,neutral,high,usa,radio station,high traffic,high credibility
wate.com,neutral,high,usa,tv station,medium traffic,high credibility
localmemphis.com,neutral,high,usa,tv station,medium traffic,high credibility
wave3.com,neutral,high,usa,tv station,medium traffic,high credibility
wavy.com,neutral,high,usa,tv station,medium traffic,high credibility
wbaltv.com,neutral,high,usa,tv station,medium traffic,high credibility
wbay.com,neutral,high,usa,tv station,medium traffic,high credibility
wbir.com,neutral,high,usa,tv station,medium traffic,high credibility
wbko.com,neutral,high,usa,tv station,medium traffic,high credibility
wbng.com,neutral,high,usa,tv station,medium traffic,high credibility
10tv.com,neutral,high,usa,website,high traffic,high credibility
wbrc.com,neutral,high,usa,tv station,medium traffic,high credibility
pahomepage.com,neutral,high,usa,tv station,medium traffic,high credibility
wbtv.com,neutral,high,usa,tv station,medium traffic,high credibility
wbtw.com,neutral,high,usa,tv station,medium traffic,high credibility
wcax.com,neutral,high,usa,tv station,high traffic,high credibility
counton2.com,neutral,high,usa,tv station,medium traffic,high credibility
wcia.com,neutral,high,usa,tv station,medium traffic,high credibility
nbc4i.com,neutral,high,usa,tv station,medium traffic,high credibility
wcnc.com,neutral,high,usa,tv station,medium traffic,high credibility
wcpo.com,neutral,high,usa,tv station,high traffic,high credibility
live5news.com,neutral,high,usa,tv station,medium traffic,high credibility
wctv.tv,neutral,high,usa,tv station,medium traffic,high credibility
wcvb.com,neutral,high,usa,tv station,high traffic,high credibility
fox4kc.com,neutral,high,usa,tv station,medium traffic,high credibility
wdam.com,neutral,high,usa,tv station,medium traffic,high credibility
fox40jackson.com,neutral,high,usa,tv station,minimal traffic,high credibility
wdbj7.com,neutral,high,usa,tv station,medium traffic,high credibility
dcnewsnow.com,neutral,high,usa,tv station,medium traffic,high credibility
wdio.com,neutral,high,usa,tv station,medium traffic,high credibility
clickondetroit.com,neutral,high,usa,tv station,high traffic,high credibility
wdrb.com,neutral,high,usa,tv station,medium traffic,high credibility
wdsu.com,neutral,high,usa,tv station,medium traffic,high credibility
wdtn.com,neutral,high,usa,tv station,medium traffic,high credibility
wdtv.com,neutral,high,usa,tv station,medium traffic,high credibility
wearethemighty.com,neutral,high,usa,website,medium traffic,high credibility
wect.com,neutral,high,usa,tv station,medium traffic,high credibility
25newsnow.com,neutral,high,usa,tv station,minimal traffic,high credibility
tristatehomepage.com,neutral,high,usa,tv station,medium traffic,high credibility
weny.com,neutral,high,usa,tv station,minimal traffic,high credibility
wesh.com,neutral,high,usa,tv station,high traffic,high credibility
westernmassnews.com,neutral,high,usa,website,medium traffic,high credibility
westvalleyview.com,neutral,high,usa,newspaper,minimal traffic,high credibility
wvpublic.org,neutral,high,usa,tv station/radio station/website,high traffic,high credibility
mytwintiers.com,neutral,high,usa,tv station,medium traffic,high credibility
wiproud.com,neutral,high,usa,tv station,minimal traffic,high credibility
wevv.com,neutral,high,usa,tv station,medium traffic,high credibility
news5cleveland.com,neutral,high,usa,tv station,high traffic,high credibility
wfaa.com,neutral,high,usa,tv station,high traffic,high credibility
mychamplainvalley.com,neutral,high,usa,tv station,medium traffic,high credibility
wfft.com,neutral,high,usa,tv station,medium traffic,high credibility
14news.com,neutral,high,usa,tv station,medium traffic,high credibility
wfla.com,neutral,high,usa,tv station,high traffic,high credibility
fox32chicago.com,neutral,high,usa,tv station,high traffic,high credibility
wflx.com,neutral,high,usa,tv station,medium traffic,high credibility
wfmynews2.com,neutral,high,usa,tv station,medium traffic,high credibility
wfmz.com,neutral,high,usa,tv station,high traffic,high credibility
wearegreenbay.com,neutral,high,usa,tv station,medium traffic,high credibility
wfsb.com,neutral,high,usa,tv station,high traffic,high credibility
wfxrtv.com,neutral,high,usa,tv station,medium traffic,high credibility
boston25news.com,neutral,high,usa,tv station,medium traffic,high credibility
wgal.com,neutral,high,usa,tv station,high traffic,high credibility
nbc26.com,neutral,high,usa,tv station,minimal traffic,high credibility
cbs46.com,neutral,high,usa,tv station,medium traffic,high credibility
wgem.com,neutral,high,usa,tv station,medium traffic,high credibility
myfox8.com,neutral,high,usa,tv station,medium traffic,high credibility
brproud.com,neutral,high,usa,tv station,medium traffic,high credibility
wgntv.com,neutral,high,usa,tv station,high traffic,high credibility
wgno.com,neutral,high,usa,tv station,medium traffic,high credibility
wtkr.com,neutral,high,usa,tv station,medium traffic,high credibility
wgrz.com,neutral,high,usa,tv station,medium traffic,high credibility
whas11.com,neutral,high,usa,tv station,medium traffic,high credibility
whatculture.com,neutral,high,united kingdom,website,high traffic,high credibility
fox13memphis.com,neutral,high,usa,tv station,medium traffic,high credibility
whec.com,neutral,high,usa,tv station,high traffic,high credibility
whio.com,neutral,high,usa,tv station,high traffic,high credibility
whittierdailynews.com,neutral,high,usa,newspaper,minimal traffic,high credibility
foxcarolina.com,neutral,high,usa,tv station,medium traffic,high credibility
whnt.com,neutral,high,usa,tv station,medium traffic,high credibility
who13.com,neutral,high,usa,tv station,medium traffic,high credibility
whsv.com,neutral,high,usa,tv station,medium traffic,high credibility
abc27.com,neutral,high,usa,tv station,medium traffic,high credibility
cbs42.com,neutral,high,usa,tv station,medium traffic,high credibility
kansas.com,neutral,high,usa,newspaper,medium traffic,high credibility
erienewsnow.com,neutral,high,usa,tv station,medium traffic,high credibility
wicz.com,neutral,high,usa,tv station,medium traffic,high credibility
wilx.com,neutral,high,usa,tv station,medium traffic,high credibility
winknews.com,neutral,high,usa,tv station,medium traffic,high credibility
newschief.com,left-center,high,usa,newspaper,minimal traffic,high credibility
wistv.com,neutral,high,usa,tv station,medium traffic,high credibility
channel3000.com,neutral,high,usa,tv station,high traffic,high credibility
wisn.com,neutral,high,usa,tv station,high traffic,high credibility
fox6now.com,neutral,high,usa,tv station,high traffic,high credibility
witn.com,neutral,high,usa,tv station,medium traffic,high credibility
wivb.com,neutral,high,usa,tv station,medium traffic,high credibility
wjbf.com,neutral,high,usa,tv station,medium traffic,high credibility
wjhg.com,neutral,high,usa,tv station,medium traffic,high credibility
wjhl.com,neutral,high,usa,tv station,medium traffic,high credibility
wjtv.com,neutral,high,usa,tv station,medium traffic,high credibility
fox8.com,neutral,high,usa,tv station,high traffic,high credibility
news4jax.com,neutral,high,usa,tv station,high traffic,high credibility
wkbn.com,neutral,high,usa,tv station,medium traffic,high credibility
news8000.com,neutral,high,usa,tv station,medium traffic,high credibility
wkbw.com,neutral,high,usa,tv station,medium traffic,high credibility
clickorlando.com,neutral,high,usa,tv station,high traffic,high credibility
wkow.com,neutral,high,usa,tv station,medium traffic,high credibility
wkrg.com,neutral,high,usa,tv station,medium traffic,high credibility
wkyc.com,neutral,high,usa,tv station,high traffic,high credibility
wlns.com,neutral,high,usa,tv station,medium traffic,high credibility
wlbt.com,neutral,high,usa,tv station,medium traffic,high credibility
lex18.com,neutral,high,usa,tv station,medium traffic,high credibility
wlfi.com,neutral,high,usa,tv station,medium traffic,high credibility
wlky.com,neutral,high,usa,tv station,medium traffic,high credibility
wlox.com,neutral,high,usa,tv station,medium traffic,high credibility
wltx.com,neutral,high,usa,tv station,medium traffic,high credibility
uppermichiganssource.com,neutral,high,usa,tv station,medium traffic,high credibility
wlwt.com,neutral,high,usa,tv station,high traffic,high credibility
wmar2news.com,neutral,high,usa,tv station,medium traffic,high credibility
centralillinoisproud.com,neutral,high,usa,tv station,medium traffic,high credibility
fox47.com,right-center,high,usa,tv station,medium traffic,high credibility
tv20detroit.com,neutral,high,usa,tv station,minimal traffic,high credibility
cbs17.com,neutral,high,usa,tv station,medium traffic,high credibility
wnct.com,neutral,high,usa,tv station,medium traffic,high credibility
wndu.com,neutral,high,usa,tv station,medium traffic,high credibility
wnem.com,neutral,high,usa,tv station,medium traffic,high credibility
wnyt.com,neutral,high,usa,tv station,medium traffic,high credibility
fox5ny.com,neutral,high,usa,tv station,high traffic,high credibility
wogx.com,neutral,high,usa,tv station,high traffic,high credibility
hometownstations.com,neutral,high,usa,tv station,medium traffic,high credibility
weareiowa.com,neutral,high,usa,tv station,medium traffic,high credibility
cleveland19.com,neutral,high,usa,tv station,medium traffic,high credibility
woodtv.com,neutral,high,usa,tv station,medium traffic,high credibility
spectrumnews1.com,neutral,high,usa,tv station,medium traffic,high credibility
wowktv.com,neutral,high,usa,tv station,medium traffic,high credibility
wowt.com,neutral,high,usa,tv station,medium traffic,high credibility
wpbf.com,neutral,high,usa,tv station,medium traffic,high credibility
phl17.com,neutral,high,usa,tv station,medium traffic,high credibility
fox43.com,neutral,high,usa,tv station,medium traffic,high credibility
mynbc5.com,neutral,high,usa,tv station,medium traffic,high credibility
wqad.com,neutral,high,usa,tv station,medium traffic,high credibility
mystateline.com,neutral,high,usa,tv station,medium traffic,high credibility
wrex.com,neutral,high,usa,tv station,medium traffic,high credibility
wrtv.com,neutral,high,usa,tv station,medium traffic,high credibility
wsfltv.com,neutral,high,usa,tv station,minimal traffic,high credibility
wsoctv.com,neutral,high,usa,tv station,high traffic,high credibility
localsyr.com,neutral,high,usa,tv station,medium traffic,high credibility
fox61.com,neutral,high,usa,tv station,medium traffic,high credibility
tmj4.com,neutral,high,usa,tv station,medium traffic,high credibility
wtsp.com,neutral,high,usa,tv station,medium traffic,high credibility
wtvm.com,neutral,high,usa,tv station,medium traffic,high credibility
fox13news.com,neutral,high,usa,tv station,high traffic,high credibility
wtvy.com,neutral,high,usa,tv station,medium traffic,high credibility
wikinews.org,neutral,high,usa,website,medium traffic,high credibility
wikipedia.org,neutral,mixed,usa,organization/foundation,high traffic,medium credibility
winnipegfreepress.com,neutral,high,canada,newspaper,high traffic,high credibility
winonadailynews.com,neutral,high,usa,newspaper,minimal traffic,high credibility
journalnow.com,neutral,high,usa,newspaper,medium traffic,high credibility
wionews.com,neutral,mixed,india,website,medium traffic,medium credibility
madison.com,neutral,high,usa,newspaper,medium traffic,high credibility
fox2detroit.com,neutral,high,usa,tv station,high traffic,high credibility
fox46.com,neutral,high,usa,tv station,medium traffic,high credibility
wkrn.com,neutral,high,usa,tv station,medium traffic,high credibility
wvlt.tv,neutral,high,usa,tv station,medium traffic,high credibility
raleighcw.com,neutral,high,usa,tv station,medium traffic,high credibility
13wmaz.com,neutral,high,usa,tv station,medium traffic,high credibility
actionnews5.com,neutral,high,usa,tv station,medium traffic,high credibility
wmtw.com,neutral,high,usa,tv station,medium traffic,high credibility
wmur.com,neutral,high,usa,tv station,high traffic,high credibility
wnep.com,neutral,high,usa,tv station,medium traffic,high credibility
fox35orlando.com,neutral,high,usa,tv station,high traffic,high credibility
dailydemocrat.com,neutral,high,usa,newspaper,minimal traffic,high credibility
worldometers.info,neutral,high,usa,website,high traffic,high credibility
worldpoliticsreview.com,left-center,high,usa,website,medium traffic,high credibility
worldpopulationreview.com,neutral,mixed,usa,website,high traffic,high credibility
pix11.com,neutral,high,usa,tv station,high traffic,high credibility
wpri.com,neutral,high,usa,tv station,medium traffic,high credibility
wpta21.com,neutral,high,usa (44/180 press freedom),tv station,medium traffic,high credibility
wpxi.com,neutral,high,usa,tv station,medium traffic,high credibility
wqow.com,neutral,high,usa,tv station,medium traffic,high credibility
wral.com,left-center,high,usa,tv station,high traffic,high credibility
wrbl.com,neutral,high,usa,tv station,medium traffic,high credibility
wrdw.com,neutral,high,usa,tv station,medium traffic,high credibility
wreg.com,neutral,high,usa,tv station,medium traffic,high credibility
wric.com,neutral,high,usa,tv station,medium traffic,high credibility
rochesterfirst.com,neutral,high,usa,tv station,medium traffic,high credibility
wsav.com,neutral,high,usa,tv station,medium traffic,high credibility
wsaz.com,neutral,high,usa,tv station,high traffic,high credibility
wsbtv.com,neutral,high,usa,tv station,high traffic,high credibility
wsfa.com,neutral,high,usa,tv station,medium traffic,high credibility
wsiltv.com,neutral,high,usa,tv station,medium traffic,high credibility
wsls.com,neutral,high,usa,tv station,medium traffic,high credibility
wsmv.com,neutral,high,usa,tv station,medium traffic,high credibility
wspa.com,neutral,high,usa,tv station,medium traffic,high credibility
fox47news.com,neutral,high,usa,tv station,minimal traffic,high credibility
wtae.com,neutral,high,usa,tv station,high traffic,high credibility
wearecentralpa.com,neutral,high,usa,tv station,medium traffic,high credibility
wtap.com,neutral,high,usa,tv station,medium traffic,high credibility
news10.com,neutral,high,usa,tv station,medium traffic,high credibility
wthitv.com,neutral,high,usa,tv station,medium traffic,high credibility
wthr.com,neutral,high,usa,tv station,high traffic,high credibility
wtnh.com,neutral,high,usa,tv station,medium traffic,high credibility
wtok.com,neutral,high,usa,tv station,medium traffic,high credibility
wtol.com,neutral,high,usa,tv station,medium traffic,high credibility
fox5dc.com,neutral,high,usa,tv station,high traffic,high credibility
cbs4indy.com,neutral,high,usa,tv station,medium traffic,high credibility
wtva.com,neutral,high,usa,tv station,medium traffic,high credibility
newschannel5.com,neutral,high,usa,tv station,medium traffic,high credibility
13abc.com,neutral,high,usa,tv station,medium traffic,high credibility
fox29.com,neutral,high,usa,tv station,medium traffic,high credibility
wusa9.com,neutral,high,usa,tv station,medium traffic,high credibility
13newsnow.com,neutral,high,usa,website,medium traffic,high credibility
nbc29.com,neutral,high,usa,tv station,medium traffic,high credibility
wvtm13.com,neutral,high,usa,tv station,medium traffic,high credibility
fox8live.com,neutral,high,usa,tv station,medium traffic,high credibility
wvva.com,neutral,high,usa,tv station,high traffic,high credibility
nbc12.com,neutral,high,usa,tv station,medium traffic,high credibility
wwlp.com,neutral,high,usa,tv station,medium traffic,high credibility
wwnytv.com,neutral,high,usa,tv station,medium traffic,high credibility
my9nj.com,neutral,high,usa,tv station,minimal traffic,high credibility
mysuncoast.com,neutral,high,usa,tv station,medium traffic,high credibility
11alive.com,neutral,high,usa,website,medium traffic,high credibility
wxii12.com,neutral,high,usa,tv station,medium traffic,high credibility
fox59.com,neutral,high,usa,tv station,medium traffic,high credibility
fox19.com,neutral,high,usa,tv station,medium traffic,high credibility
fox17online.com,neutral,high,usa,tv station,medium traffic,high credibility
wwltv.com,neutral,high,usa,tv station,medium traffic,high credibility
wxow.com,neutral,high,usa,tv station,medium traffic,high credibility
wxyz.com,neutral,high,usa,tv station,high traffic,high credibility
wyff4.com,neutral,high,usa,tv station,high traffic,high credibility
wymt.com,neutral,high,usa,tv station,medium traffic,high credibility
wytv.com,neutral,high,usa,tv station,minimal traffic,high credibility
rocketcitynow.com,neutral,high,usa,tv station,medium traffic,high credibility
wzmq19.com,neutral,high,usa,tv station,minimal traffic,high credibility
wzzm13.com,neutral,high,usa,tv station,medium traffic,high credibility
yle.fi,neutral,mixed,finland,tv station/radio/website,high traffic,high credibility
yorknewstimes.com,neutral,high,usa,newspaper,minimal traffic,high credibility
zdnet.com,neutral,high,usa,website,high traffic,high credibility
accountable.us,left,mixed,usa,organization/foundation,minimal traffic,medium credibility
act.tv,left,mixed,usa,website,minimal traffic,medium credibility
aftonbladet.se,left,mixed,sweden,newspaper,high traffic,medium credibility
aldianews.com,left,mixed,usa,website,medium traffic,medium credibility
afj.org,left,high,usa,organization/foundation,minimal traffic,high credibility
altnews.in,left,high,india,website,medium traffic,high credibility
alternet.org,left,mixed,usa,website,medium traffic,medium credibility
aidc.org.za,left,high,south africa,magazine,minimal traffic,high credibility
americanbridgepac.org,left,mixed,usa,organization/foundation,minimal traffic,medium credibility
americanoversight.org,left,mixed,usa,organization/foundation,minimal traffic,medium credibility
au.org,left,high,usa,organization/foundation,minimal traffic,high credibility
angrywhitemen.org,left,mixed,usa,website,minimal traffic,medium credibility
azmirror.com,left,high,usa,organization/foundation,medium traffic,high credibility
arkansasadvocate.com,left,high,usa,organization/foundation,minimal traffic,high credibility
attackthesystem.com,left,mixed,usa,website,minimal traffic,medium credibility
autostraddle.com,left-center,high,usa,magazine,medium traffic,high credibility
ebar.com,left,high,usa,newspaper,minimal traffic,high credibility
beingliberal.org,left,mixed,usa,website,medium traffic,medium credibility
billmoyers.com,left,mixed,usa,website,minimal traffic,medium credibility
bitchmedia.org,left,high,usa,magazine,medium traffic,high credibility
blackagendareport.com,left,mixed,usa,website,medium traffic,medium credibility
blackamericaweb.com,left,mixed,usa,website,mediumtraffic,medium credibility
blacklivesmatter.com,left,mixed,usa,organization/foundation,medium traffic,medium credibility
blackmainstreet.net,left,mixed,usa,website,minimal traffic,medium credibility
bnc.tv,left,mixed,usa,tv station,minimal traffic,medium credibility
boingboing.net,left,mixed,usa,website,high traffic,medium credibility
bostonreview.net,left,high,usa,magazine,medium traffic,high credibility
brut.media,left,mixed,france,website,medium traffic,medium credibility
bust.com,left,mixed,usa,magazine,medium traffic,medium credibility
calltoactivism.com,left,mixed,usa,website,high traffic (social media),medium credibility
canadafactcheck.ca,left,mixed,canada,website,medium traffic,medium credibility
antihate.ca,left,high,canada,organization/foundation,minimal traffic,high credibility
canadiandimension.com,left,mixed,canada,magazine,minimal traffic,medium credibility
capitalandmain.com,left,high,usa,website,minimal traffic,high credibility
care2.com,left,mixed,usa,website,medium traffic,medium credibility
ceasefiremagazine.co.uk,left,high,united kingdom,magazine,minimal traffic,high credibility
americanprogress.org,left,mixed,usa,organization/foundation,medium traffic,medium credibility
prwatch.org,left,high,usa,organization/foundation,minimal traffic,high credibility
c4ss.org,left,mixed,usa,organization/foundation,minimal traffic,medium credibility
change.org,left,mixed,usa,organization/foundation,high traffic,medium credibility
chicagoreader.com,left,high,usa,newspaper,medium traffic,high credibility
chicagoreporter.com,left,high,usa,magazine,minimal traffic,high credibility
china.org.cn,left-center,mixed,china,website,medium traffic,medium credibility
citybeat.com,left,high,usa,newspaper,medium traffic,high credibility
citizencritics.org,left,mixed,usa,website,minimal traffic,medium credibility
clevescene.com,left,high,usa,newspaper,medium traffic,high credibility
climatechangenews.com,left,high,united kingdom,website,medium traffic,high credibility
cnn.com,left,mixed,usa,tv station,high traffic,medium credibility
codepink.org,left,mixed,usa,organization/foundation,minimal traffic,medium credibility
coloradotimesrecorder.com,left,high,usa,website,minimal traffic,high credibility
colorlines.com,left,high,usa,website,medium,high credibility
columbusfreepress.com,left,mixed,usa,newspaper,minimal traffic,medium credibility
comicsands.com,left,mixed,usa,website,high traffic,medium credibility
commondreams.org,left,high,usa,website,medium traffic,high credibility
communemag.com,left,mixed,usa,magazine,minimal traffic,medium credibility
consortiumnews.com,left,mixed,usa,website,medium traffic,high credibility
copblock.org,left,mixed,usa,website,minimal traffic,medium credibility
cosmopolitan.com,left,mixed,usa,magazine,high traffic,medium credibility
countercurrents.org,left,mixed,india,website,medium traffic,high credibility
counterpunch.org,left,mixed,usa,magazine,medium traffic,high credibility
crikey.com.au,left,high,australia,website,medium traffic,high credibility
crimethinc.com,left,high,usa,organization/foundation,medium traffic,high credibility
crooked.com,left,mixed,usa,website,medium traffic,medium credibility
crooksandliars.com,left,mixed,usa,website,minimal traffic,high credibility
currentaffairs.org,left,high,usa,magazine,medium traffic,high credibility
curvemag.com,left,high,usa,magazine,medium traffic,high credibility
thedailybeast.com,left,mixed,usa,website,high traffic,medium credibility
dailydot.com,left,high,usa,website,high traffic,high credibility
dailykos.com,left,mixed,usa,website,high traffic,medium credibility
dailyrecord.co.uk,left,mixed,united kingdom,newspaper,high traffic,high credibility
dailysoundandfury.com,left,mixed,usa,website,minimal traffic,medium credibility
dallasvoice.com,left,high,usa,newspaper,minimal traffic,high credibility
deadstate.org,left,high,usa,website,medium traffic,high credibility
deadspin.com,left-center,high,usa,website,medium traffic,high credibility
democracyguardian.com,left,mixed,usa,website,minimal traffic,medium credibility
democracyjournal.org,left,high,usa,journal,minimal traffic,high credibility
democracynow.org,left,high,usa,tv station; radio,medium traffic,high credibility
democraticunderground.com,left,mixed,usa,website,high traffic,medium credibility
deshabhimani.com,left,mixed,india,newspaper,medium traffic,medium credibility
desmogblog.com,left,high,usa,organization/foundation,minimal traffic,high credibility
metrotimes.com,left,high,usa,newspaper,medium traffic,high credibility
dissentmagazine.org,left,high,usa,website,minimal traffic,high credibility
drudge.com,left,mixed,usa,website,minimal traffic,medium credibility
earthfirstjournal.news,left,mixed,usa,website,minimal traffic,medium credibility
ecowatch.com,left,mixed,usa,website,medium traffic,medium credibility
egbertowillies.com,left,high,usa,website,minimal traffic,high credibility
electoral-vote.com,left,high,netherlands,website,minimal traffic,high credibility
elitedaily.com,left,mixed,usa,website,high traffic,medium credibility
esquire.com,left,mixed,usa,magazine,high traffic,medium credibility
everydayfeminism.com,left,mixed,usa,website,minimal traffic,medium credibility
evonomics.com,left,high,usa,website,minimal traffic,high credibility
feministcurrent.com,left,mixed,canada,website,minimal traffic,medium credibility
fifthestate.org,left,high,usa,magazine,minimal traffic,high credibility
finnishnews.fi,left,mixed,finland,website,minimal traffic,high credibility
floridaphoenix.com,left,high,usa,organization/foundation,minimal traffic,high credibility
foodandwaterwatch.org,left,mixed,usa,organization/foundation,minimal traffic,medium credibility
foreignpolicynews.org,left,mixed,usa,website,minimal traffic,medium credibility
freepress.org,left,mixed,usa,organization/foundation,minimal traffic,medium credibility
ffrf.org,left,mixed,usa,organization/foundation,medium traffic,medium credibility
freedomnews.org.uk,left,high,united kingdom,website,minimal traffic,high credibility
frontpagelive.com,left,mixed,usa,website,minimal traffic,medium credibility
freespeech.org,left,mixed,usa,organization/foundation,minimal traffic,medium credibility
gawker.com,left,mixed,usa,website,medium traffic,medium credibility
gaycitynews.com,left,high,usa,newspaper,minimal traffic,high credibility
gaystarnews.com,left,mixed,united kingdom,website,medium traffic,medium credibility
gaytimes.co.uk,left,high,united kingdom,magazine,medium traffic,high credibility
geopoliticsalert.com,left,mixed,usa,website,minimal traffic,medium credibility
georgiarecorder.com,left,high,usa,organization/foundation,minimal traffic,high credibility
giffords.org,left,high,usa,organization/foundation,medium traffic,high credibility
gizmodo.com,left,high,usa,website,high traffic,high credibility
glaad.org,left,high,usa,organization/foundation,medium traffic,high credibility
good.is,left,high,usa,website,minimal traffic,high credibility
gq.com,left,high,usa,magazine,high traffic,high credibility
bradford-delong.com,left,high,usa,website,minimal traffic,high credibility
greenleft.org.au,left,high,australia,website,minimal traffic,medium credibility
guardianlv.com,left,mixed,usa,website,minimal traffic,high credibility
haaretz.com,left,high,israel,newspaper,high traffic,high credibility
harpersbazaar.com,left,mixed,usa,magazine,high traffic,high credibility
hightimes.com,left,mixed,usa,magazine,medium traffic,medium credibility
hillreporter.com,left,high,usa,website,medium traffic,high credibility
huffpost.com,left,mixed,usa,website,high traffic,medium credibility
hrc.org,left,high,usa,organization/foundation,medium traffic,high credibility
marxist.com,left,mixed,united kingdom,organization/foundation,medium traffic,medium credibility
inthesetimes.com,left,mixed,usa,organization/foundation,medium traffic,medium credibility
alligator.org,left,high,usa,newspaper,minimal traffic,high credibility
indivisible.org,left,mixed,usa,organization/foundation,minimal traffic,medium credibility
inequalitymedia.org,left,high,usa,organization/foundation,minimal traffic,high credibility
juancole.com,left,mixed,usa,website,minimal traffic,medium credibility
ips-dc.org,left,mixed,usa,organization/foundation,minimal traffic,medium credibility
intpolicydigest.org,left,high,usa,website,minimal traffic,high credibility
internationalviewpoint.org,left,mixed,united kingdom,magazine,minimal traffic,low credibility
iowacapitaldispatch.com,left,mixed,usa,organization/foundation,minimal traffic,medium credibility
jacobinmag.com,left,high,usa,magazine,medium traffic,high credibility
jezebel.com,left,high,usa,website,high traffic,high credibility
junkee.com,left,mixed,australia,website,medium traffic,high credibility
kansasreflector.com,left,high,usa,organization/foundation,minimal traffic,high credibility
laweekly.com,left,mixed,usa,newspaper,medium traffic,medium credibility
lailluminator.com,left,high,usa,organization/foundation,minimal traffic,high credibility
mg.co.za,left,mixed,south africa,website,medium traffic,medium credibility
mediamatters.org,left,high,usa,organization/foundation,medium traffic,high credibility
mediaite.com,left,mixed,usa,website,high traffic,high credibility
meduza.io,left,high,latvia,website,high traffic,high credibility
meidastouch.com,left,mixed,usa,website,minimal traffic,medium credibility
michiganadvance.com,left,high,usa,organization/foundation,minimal traffic,high credibility
milwaukeeindependent.com,left,mixed,usa,organization/foundation,minimal traffic,medium credibility
missouriindependent.com,left,high,usa,organization/foundation,medium traffic,high credibility
nebraskaexaminer.com,left,high,usa,organization/foundation,medium traffic,high credibility
newjerseymonitor.com,left,high,usa,organization/foundation,minimal traffic,high credibility
newrepublic.com,left,high,usa,magazine,medium traffic,high credibility
nymag.com,left,high,usa,magazine,high traffic,high credibility
newyorker.com,left,high,usa,magazine,high traffic,high credibility
novaramedia.com,left,mixed,united kingdom,organization/foundation,medium traffic,medium credibility
nowtoronto.com,left,high,canada,magazine,medium traffic,high credibility
ohiocapitaljournal.com,left,mixed,usa,organization/foundation,minimal traffic,medium credibility
opensocietyfoundations.org,left,mixed,usa,organization/foundation,medium traffic,medium credibility
orlandoweekly.com,left,high,usa,newspaper,medium traffic,high credibility
out.com,left,mixed,usa,magazine,medium traffic,medium credibility
palmerreport.com,left,mixed,usa,website,medium traffic,medium credibility
penncapital-star.com,left,mixed,usa,organization/foundation,minimal traffic,medium credibility
pinacnews.com,left,high,usa,website,minimal traffic,high credibility
polinews.org,left,mixed,usa,website,medium traffic,medium credibility
politicususa.com,left,high,usa,website,medium traffic,high credibility
popular.info,left,high,usa,website,minimal traffic,high credibility
boldprogressives.org,left,mixed,usa,organization/foundation,minimal traffic,medium credibility
psyche.co,left,high,australia,website,medium traffic,high credibility
rawstory.com,left,mixed,usa,website,high traffic,medium credibility
therealnews.com,left,high,usa,organization/foundation,medium traffic,high credibility
resolutesquare.com,left,high,usa,website,minimal traffic,high credibility
rollingstone.com,left,high,usa,magazine,high traffic,high credibility
salon.com,left,mixed,usa,website,high traffic,medium credibility
sfbayview.com,left,mixed,usa,website,medium traffic,medium credibility
shondaland.com,left,mixed,usa,website,medium traffic,medium credibility
slate.com,left,mixed,usa,website,high traffic,high credibility
readsludge.com,left,high,usa,website,minimal traffic,high credibility
worldsocialism.org,left,mixed,united kingdom,organization/foundation,minimal traffic,medium credibility
southdakotasearchlight.com,left,high,usa,organization/foundation,minimal traffic,high credibility
splcenter.org,left,high,usa,organization/foundation,medium traffic,high credibility
riverfronttimes.com,left,high,usa,newspaper,medium traffic,high credibility
talkingpointsmemo.com,left,mixed,usa,website,high traffic,high credibility
tnholler.com,left,high,usa,website,minimal traffic,high credibility
tennesseelookout.com,left,high,usa,organization/foundation,minimal traffic,high credibility
19thnews.org,left,high,usa,organization/foundation,medium traffic,high credibility
americanindependent.com,left,mixed,usa,organization/foundation,medium traffic,medium credibility
prospect.org,left,high,usa,magazine,medium traffic,high credibility
thecut.com,left,mixed,usa,website,high traffic,high credibility
democratichub.com,left,mixed,usa,website,minimal traffic,medium credibility
thegailygrind.com,left,mixed,usa,website,minimal traffic,medium credibility
ghionjournal.com,left,mixed,usa,website,minimal traffic,medium credibility
goodmenproject.com,left,high,usa,website,medium traffic,high credibility
gravelinstitute.org,left,mixed,usa,organization/foundation,minimal traffic,medium credibility
mavenroundtable.io,left,mixed,usa,website,minimal traffic,medium credibility
levernews.com,left,high,usa,website,minimal traffic,high credibility
thelily.com,left,high,usa,website,medium traffic,high credibility
themilitant.com,left,mixed,usa,newspaper,minimal traffic,medium credibility
thenarwhal.ca,left,high,canada,organization/foundation,minimal traffic,high credibility
thenation.com,left,high,usa,magazine,medium traffic,high credibility
palestinechronicle.com,left,high,usa,organization/foundation,minimal traffic,high credibility
phnompenhpost.com,left,mixed,cambodia,newspaper,medium traffic,medium credibility
progressive.org,left,mixed,usa,magazine,medium traffic,high credibility
theroot.com,left,mixed,usa,website,high traffic,high credibility
thelasource.com,left,mixed,canada,newspaper,minimal traffic,medium credibility
thestranger.com,left-center,high,usa,newspaper,medium traffic,high credibility
texasobserver.org,left,high,usa,magazine,minimal traffic,high credibility
villagevoice.com,left,high,usa,newspaper,medium traffic,high credibility
voice-online.co.uk,left,mixed,united kingdom,newspaper,medium traffic,high credibility
thewalrus.ca,left,high,canada,organization/foundation,medium traffic,high credibility
washingtonspectator.org,left,high,usa,organization/foundation,minimal traffic,high credibility
theweek.com,left,high,usa,website,high traffic,high credibility
worldcantwait.net,left,mixed,usa,organization/foundation,minimal traffic,medium credibility
thegrio.com,left,mixed,usa,website,high traffic,high credibility
thisisthezerohour.com,left,high,usa,website,minimal traffic,high credibility
them.us,left,high,usa,website,medium traffic,high credibility
this.org,left,mixed,canada,magazine,minimal traffic,high credibility
towleroad.com,left,high,usa,website,medium traffic,high credibility
treehugger.com,left,high,usa,website,medium traffic,high credibility
truthdig.com,left-center,high,usa,website,minimal traffic,high credibility
truthout.org,left,mixed,usa,organization/foundation,medium traffic,medium credibility
truththeory.com,left,high,united kingdom,website,minimal traffic,high credibility
unicornriot.ninja,left,high,usa,organization/foundation,minimal traffic,high credibility
uproxx.com,left,mixed,usa,website,high traffic,medium credibility
upworthy.com,left,mixed,usa,website,high traffic,high credibility
vanityfair.com,left,mixed,usa,magazine,high traffic,high credibility
vox.com,left,high,usa,website,high traffic,high credibility
wallstreetonparade.com,left-center,high,usa,website,minimal traffic,high credibility
washingtonbabylon.com,left,high,usa,website,minimal traffic,high credibility
washingtonpress.com,left,mixed,usa,website,medium traffic,medium credibility
washingtonian.com,left,high,usa,magazine,medium traffic,high credibility
wearyourvoicemag.com,left,high,usa,website,minimal traffic,high credibility
wehuntedthemammoth.com,left,high,usa,website,medium traffic,high credibility
whowhatwhy.org,left,mixed,usa,website,minimal traffic,medium credibility
wonkette.com,left,mixed,usa,website,medium traffic,medium credibility
workers.org,left,mixed,usa,newspaper,medium traffic,medium credibility
wsws.org,left,mixed,usa,website,medium traffic,high credibility
yesmagazine.org,left,high,usa,magazine,medium traffic,high credibility
tyt.com,left,mixed,usa,tv station,high traffic,medium credibility
100milefreepress.net,left-center,high,canada,newspaper,minimal traffic,high credibility
604now.com,left-center,mixed,canada,newspaper,medium traffic,high credibility
972mag.com,left-center,high,usa,website,minimal traffic,high credibility
go.com,left-center,high,usa,tv station,high traffic,high credibility
abc.net.au,left-center,high,australia,tv station,high traffic,high credibility
abc11.com,left-center,high,usa,tv station,medium traffic,high credibility
abbynews.com,left-center,high,canada,newspaper,medium traffic,high credibility
abovethelaw.com,left-center,high,usa,website,medium traffic,high credibility
aceshowbiz.com,left-center,mixed,indonesia,website,medium traffic,medium credibility
aclu.org,left-center,mixed,usa,organization/foundation,medium traffic,medium credibility
adaderana.lk,left-center,mixed,sri lanka,website,medium traffic,medium credibility
aeon.co,left-center,high,australia,website,medium traffic,high credibility
affinitymagazine.us,left-center,mixed,usa,magazine,minimal traffic,low credibility
africanarguments.org,left-center,high,united kingdom,website,minimal traffic,high credibility
africanews.com,left-center,mixed,france,tv station,medium traffic,high credibility
agassizharrisonobserver.com,left-center,high,canada,newspaper,minimal traffic,high credibility
ahvalnews.com,left-center,mixed,usa,website,medium traffic,medium credibility
airdrietoday.com,left-center,high,canada,newspaper,minimal traffic,high credibility
messagemedia.co,left-center,high,usa,newspaper,minimal traffic,high credibility
durhamregion.com,left-center,high,canada,newspaper,minimal traffic,high credibility
beaconjournal.com,left-center,high,usa,newspaper,medium traffic,high credibility
aljazeera.com,left-center,mixed,qatar,tv station,high traffic,medium credibility
al-monitor.com,left-center,high,usa,website,high traffic,high credibility
al-sura.com,left-center,mixed,usa,website,minimal traffic,medium credibility
guttmacher.org,left-center,high,usa,organization/foundation,medium traffic,high credibility
alaskahighwaynews.ca,left-center,high,canada,newspaper,minimal traffic,high credibility
timesunion.com,left-center,high,usa,newspaper,medium traffic,high credibility
albertaviews.ca,left-center,high,canada,magazine,minimal traffic,high credibility
aldergrovestar.com,left-center,high,canada,newspaper,minimal traffic,high credibility
allgov.com,left-center,high,usa,website,minimal traffic,high credibility
simcoe.com,left-center,high,canada,newspaper,minimal traffic,high credibility
northbaynipissing.com,left-center,high,canada,website,minimal traffic,high credibility
amny.com,left-center,high,usa,newspaper,medium traffic,high credibility
americamagazine.org,left-center,high,usa,magazine,medium traffic,high credibility
americanimmigrationcouncil.org,left-center,high,usa,organization/foundation,minimal traffic,high credibility
americanpurpose.com,left-center,high,usa,website,medium traffic,high credibility
amestrib.com,left-center,high,usa,newspaper,minimal traffic,high credibility
amnesty.org,left-center,high,united kingdom,organization/foundation,medium traffic,high credibility
thespec.com,left-center,high,canada,newspaper,minimal traffic,high credibility
heraldbulletin.com,left-center,high,usa,newspaper,medium traffic,high credibility
andovertownsman.com,left-center,high,usa,newspaper,minimal traffic,high credibility
annistonstar.com,left-center,high,usa,newspaper,medium traffic,high credibility
anthropocenemagazine.org,left-center,high,usa,magazine,minimal traffic,high credibility
adl.org,left-center,high,usa,organization/foundation,medium traffic,high credibility
aol.com,left-center,high,usa,website,high traffic,high credibility
apmreports.org,left-center,high,usa,organization/foundation,minimal traffic,high credibility
apple.com,left-center,mixed,usa,app/website,high traffic,high credibility
aptnnews.ca,left-center,high,canada,tv station,medium traffic,high credibility
areomagazine.com,left-center,high,united kingdom,website,medium traffic,high credibility
azcapitoltimes.com,left-center,high,usa,newspaper,minimal traffic,high credibility
tucson.com,left-center,high,usa,newspaper,medium traffic,high credibility
azdailysun.com,left-center,high,usa,newspaper,medium traffic,high credibility
azcentral.com,left-center,high,usa,newspaper,high traffic,high credibility
arktimes.com,left-center,high,usa,newspaper,medium traffic,high credibility
armscontrol.org,left-center,high,usa,organization/foundation,medium traffic,high credibility
insideottawavalley.com,left-center,high,canada,newspaper,minimal traffic,high credibility
arte.tv,left-center,mixed,france/germany,tv station,high traffic,high credibility
citizen-times.com,left-center,high,usa,newspaper,medium traffic,high credibility
asiasentinel.com,left-center,mixed,usa,website,minimal traffic,medium credibility
aspeniaonline.it,left-center,high,italy,organization/foundation,minimal traffic,high credibility
aspeninstitute.org,left-center,high,usa,organization/foundation,medium traffic,high credibility
sasktoday.ca,left-center,high,canada,newspaper,minimal traffic,high credibility
apnews.com,left-center,high,usa,news agency,high traffic,high credibility
atavist.com,left-center,high,usa,magazine,medium traffic,high credibility
onlineathens.com,left-center,high,usa,newspaper,medium traffic,high credibility
athensreview.com,left-center,high,usa,newspaper,minimal traffic,high credibility
enewscourier.com,left-center,high,usa,newspaper,medium traffic,high credibility
atlantablackstar.com,left-center,mixed,usa,website,high traffic,high credibility
ajc.com,left-center,high,usa,newspaper,high traffic,high credibility
theatlantic.com,left-center,high,usa,magazine,high traffic,high credibility
atlanticmedia.com,left-center,high,usa,organization/foundation,minimal traffic,high credibility
attn.com,left-center,high,usa,website,medium traffic,high credibility
yorkregion.com,left-center,high,canada,newspaper,minimal traffic,high credibility
statesman.com,left-center,high,usa,newspaper,medium traffic,high credibility
austindailyherald.com,left-center,high,usa,website,minimal traffic,high credibility
avclub.com,left-center,high,usa,website,high traffic,high credibility
axios.com,left-center,high,usa,website,high traffic,high credibility
balkaninsight.com,left-center,high,usa,organization/foundation,medium traffic,high credibility
baltimoresun.com,left-center,high,usa,website,medium traffic,high credibility
bangordailynews.com,left-center,high,usa,newspaper,medium traffic,high credibility
baptistnews.com,left-center,high,usa,news agency,medium traffic,high credibility
barrietoday.com,left-center,high,canada,website,medium traffic,high credibility
theadvocate.com,left-center,high,usa,newspaper,minimal traffic,high credibility
battlecreekenquirer.com,left-center,high,usa,newspaper,minimal traffic,high credibility
baxterbulletin.com,left-center,high,usa,newspaper,minimal traffic,high credibility
baynature.org,left-center,high,usa,magazine,medium traffic,high credibility
bbc.com,left-center,high,united kingdom,tv station,high traffic,high credibility
tmnews.com,left-center,high,usa,newspaper,minimal traffic,high credibility
bellingcat.com,left-center,mixed,united kingdom,website,medium traffic,high credibility
bellinghamherald.com,left-center,high,usa,newspaper,medium traffic,high credibility
berkeleyside.com,left-center,high,usa,website,medium traffic,high credibility
berkshireeagle.com,left-center,high,usa,newspaper,medium traffic,high credibility
berliner-zeitung.de,left-center,mixed,usa,newspaper,high traffic,high credibility
bing.com,left-center,high,usa,website,high traffic,high credibility
birminghammail.co.uk,right-center,mixed,united kingdom,newspaper,high traffic,high credibility
bleacherreport.com,left-center,mixed,usa,website,high traffic,high credibility
bloomberg.com,left-center,mixed,usa,tv station,high traffic,high credibility
bdtonline.com,left-center,high,usa,newspaper,minimal traffic,high credibility
bluestemprairie.com,left-center,high,usa,website,minimal traffic,high credibility
boston.com,left-center,high,usa,website,high traffic,high credibility
bostonglobe.com,left-center,high,usa,newspaper,high traffic,high credibility
bgr.com,left-center,high,usa,website,high traffic,high credibility
muskokaregion.com,left-center,high,canada,newspaper,minimal traffic,high credibility
bramptonguardian.com,left-center,high,canada,newspaper,medium traffic,high credibility
brennancenter.org,left-center,high,usa,organization/foundation,medium traffic,high credibility
enterprisenews.com,left-center,high,usa,newspaper,medium traffic,high credibility
brookings.edu,left-center,high,usa,organization/foundation,medium traffic,high credibility
thebulletin.org,left-center,high,usa,organization/foundation,medium traffic,high credibility
insidehalton.com,left-center,high,canada,newspaper,minimal traffic,high credibility
hometownsource.com,left-center,high,usa,newspaper,minimal traffic,high credibility
businessinsider.com,left-center,high,usa,website,high traffic,high credibility
bustle.com,left-center,mixed,usa,magazine,high traffic,high credibility
buzzfeed.com,left-center,mixed,usa,website,high traffic,medium credibility
buzzfeednews.com,left-center,mixed,usa,website,high traffic,high credibility
bylinetimes.com,left-center,high,united kingdom,newspaper,medium traffic,high credibility
caledonenterprise.com,left-center,high,canada,newspaper,minimal traffic,high credibility
cambridgetimes.ca,left-center,high,canada,newspaper,minimal traffic,high credibility
campbellrivermirror.com,left-center,high,canada,newspaper,medium traffic,high credibility
canadaland.com,left-center,high,canada,website,minimal traffic,high credibility
capitalgazette.com,left-center,high,usa,newspaper,medium traffic,high credibility
caribbeanlifenews.com,left-center,high,usa,newspaper,minimal traffic,high credibility
carnegieendowment.org,left-center,high,usa,organization/foundation,medium traffic,high credibility
carolinapublicpress.org,left-center,high,usa,organization/foundation,minimal traffic,high credibility
carriagetownenews.com,left-center,high,usa,newspaper,minimal traffic,high credibility
catchnews.com,left-center,mixed,india,website,medium traffic,medium credibility
cbsnews.com,left-center,high,usa,tv station,high traffic,high credibility
cecildaily.com,left-center,high,usa,newspaper,minimal traffic,high credibility
censor.net,left-center,mixed,ukraine,website,high traffic,high credibility
c4ads.org,left-center,high,usa,organization/foundation,minimal traffic,high credibility
cgdev.org,left-center,high,usa,organization/foundation,medium traffic,high credibility
centerforinquiry.org,left-center,high,usa,organization/foundation,minimal traffic,high credibility
internationalpolicy.org,left-center,high,usa,organization/foundation,minimal traffic,high credibility
cnas.org,left-center,high,usa,organization/foundation,minimal traffic,high credibility
populardemocracy.org,left-center,high,usa,organization/foundation,minimal traffic,high credibility
publicintegrity.org,left-center,high,usa,organization/foundation,minimal traffic,high credibility
cbpp.org,left-center,high,usa,organization/foundation,medium traffic,high credibility
focustaiwan.tw,left-center,high,taiwan,news agency,medium traffic,high credibility
chalkbeat.org,left-center,high,usa,organization/foundation,medium traffic,high credibility
channel4.com,left-center,high,united kingdom,tv station,high traffic,high credibility
wvgazettemail.com,left-center,high,usa,newspaper,minimal traffic,high credibility
charlotteobserver.com,left-center,high,usa,website,high traffic,high credibility
cheddar.com,left-center,high,usa,tv station,medium traffic,high credibility
cheboygannews.com,left-center,high,usa,newspaper,minimal traffic,high credibility
chemainusvalleycourier.ca,left-center,high,canada,newspaper,minimal traffic,high credibility
courierpostonline.com,left-center,high,usa,newspaper,medium traffic,high credibility
suntimes.com,left-center,high,usa,newspaper,high traffic,high credibility
chickashanews.com,left-center,high,usa,newspaper,minimal traffic,high credibility
theprogress.com,left-center,high,canada,newspaper,medium traffic,high credibility
chinaglobalsouth.com,left-center,high,usa,organization/foundation,minimal traffic,high credibility
citizentruth.org,left-center,mixed,usa,website,minimal traffic,medium credibility
citizensforethics.org,left-center,mixed,usa,organization/foundation,minimal traffic,medium credibility
ctj.org,left-center,mixed,usa,organization/foundation,minimal traffic,high credibility
cityandstateny.com,left-center,high,usa,website,medium traffic,high credibility
claremoreprogress.com,left-center,high,usa,newspaper,minimal traffic,high credibility
cleburnetimesreview.com,left-center,high,usa,newspaper,minimal traffic,high credibility
clintonherald.com,left-center,high,usa,newspaper,minimal traffic,high credibility
cloverdalereporter.com,left-center,high,canada,newspaper,minimal traffic,high credibility
cnbc.com,left-center,mixed,usa,tv station,high traffic,high credibility
coed.com,left-center,mixed,usa,website,minimal traffic,medium credibility
thedailyreporter.com,left-center,high,usa,newspaper,minimal traffic,high credibility
columbiatribune.com,left-center,high,usa,newspaper,medium traffic,high credibility
cjr.org,left-center,high,usa,magazine,medium traffic,high credibility
colombiareports.com,left-center,mixed,columbia,organization/foundation,minimal traffic,medium credibility
dispatch.com,left-center,high,usa,newspaper,high traffic,high credibility
investigaterussia.org,left-center,high,usa,organization/foundation,minimal traffic,high credibility
commoncause.org,left-center,high,usa|,organization/foundation,medium traffic,high credibility
commonwealmagazine.org,left-center,high,usa,magazine,medium traffic,high credibility
commonwealthfund.org,left-center,high,usa,organization/foundation,medium traffic,high credibility
comoxvalleyrecord.com,left-center,high,canada,newspaper,minimal traffic,high credibility
complex.com,left-center,mixed,usa,website,high traffic,high credibility
ctpost.com,left-center,high,usa,newspaper,medium traffic,high credibility
pogo.org,left-center,mixed,usa,organization/foundation,minimal traffic,high credibility
coopercrier.com,left-center,high,usa,newspaper,minimal traffic,high credibility
caller.com,left-center,high,usa,newspaper,medium traffic,high credibility
cowichanvalleycitizen.com,left-center,high,canada,newspaper,minimal traffic,high credibility
crosscut.com,left-center,high,usa,organization/foundation,medium traffic,high credibility
ctmirror.org,left-center,high,usa,organization/foundation,medium traffic,high credibility
cullmantimes.com,left-center,high,usa,newspaper,minimal traffic,high credibility
dailycommercial.com,left-center,high,usa,newspaper,minimal traffic,high credibility
gazettenet.com,left-center,high,usa,newspaper,medium traffic,high credibility
mirror.co.uk,left-center,mixed,united kingdom,newspaper,high traffic,medium credibility
nation.africa,left-center,mixed,kenya,website,high traffic,medium credibility
dnj.com,left-center,high,usa,newspaper,minimal traffic,high credibility
commercial-news.com,left-center,high,usa,newspaper,minimal traffic,high credibility
dawn.com,left-center,mixed,pakistan,newspaper,high traffic,medium credibility
dcist.com,left-center,high,usa,website,medium traffic,high credibility
dcreport.org,left-center,high,usa,organization/foundation,minimal traffic,high credibility
deadline.com,left-center,high,usa,website,high traffic,high credibility
deccanherald.com,left-center,mixed,india,newspaper,high traffic,medium credibility
debunkingdenialism.com,left-center,high,sweden,website,minimal traffic,high credibility
delawareonline.com,left-center,high,usa,newspaper,medium traffic,high credibility
delo.si,left-center,mixed,slovenia,newspaper,high traffic,high credibility
democracy21.org,left-center,high,usa,organization/foundation,minimal traffic,high credibility
democratandchronicle.com,left-center,high,usa,newspaper,medium traffic,high credibility
demos.org,left-center,high,usa,organization/foundation,minimal traffic,high credibility
denverpost.com,left-center,high,usa,newspaper,high traffic,high credibility
westword.com,left-center,high,usa,newspaper,medium traffic,high credibility
freep.com,left-center,high,usa,newspaper,high traffic,high credibility
zeit.de,left-center,high,usa,newspaper,high traffic,high credibility
digg.com,left-center,mixed,usa,website,high traffic,high credibility
diply.com,left-center,mixed,canada,website,medium traffic,medium credibility
diversityinc.com,left-center,high,usa,website,minimal traffic,high credibility
dundalkeagle.com,left-center,high,usa,newspaper,minimal traffic,high credibility
dutchreview.com,left-center,mixed,netherlands,website,medium traffic,high credibility
dw.com,left-center,high,germany,tv station,high traffic,high credibility
columbia.edu,left-center,high,usa,organization/foundation,high traffic,high credibility
earthjustice.org,left-center,high,usa,organization/foundation,medium traffic,high credibility
eastbaytimes.com,left-center,high,usa,newspaper,medium traffic,high credibility
econofact.org,left-center,high,usa,organization/foundation,minimal traffic,high credibility
epi.org,left-center,high,usa,organization/foundation,medium traffic,high credibility
economicshelp.org,left-center,high,united kingdom,website,medium traffic,high credibility
effinghamdailynews.com,left-center,high,usa,newspaper,minimal traffic,high credibility
egyptianstreets.com,left-center,mixed,egypt,website,mediumtraffic,medium credibility
ejinsight.com,left-center,mixed,hong kong,website,minimal traffic,medium credibility
eldiario.es,left-center,high,spain,online newspaper,high traffic,high credibility
eldiariony.com,left-center,high,usa,newspaper,high traffic,high credibility
elpais.com,left-center,high,spain,newspaper,high traffic,high credibility
elpasotimes.com,left-center,high,usa,newspaper,medium traffic,high credibility
eff.org,left-center,high,usa,organization/foundation,medium traffic,high credibility
emerging-europe.com,left-center,mixed,united kingdom,website,minimal traffic,medium credibility
engadget.com,left-center,high,usa,website,high traffic,high credibility
ew.com,left-center,high,usa,magazine,high traffic,high credibility
orangeville.com,left-center,high,canada,newspaper,minimal traffic,high credibility
espn.com,left-center,high,usa,tv station,high traffic,high credibility
registerguard.com,left-center,high,usa,newspaper,medium traffic,high credibility
euobserver.com,left-center,high,belgium,website,medium traffic,high credibility
euractiv.com,left-center,high,beligium,website,medium traffic,high credibility
eurasiareview.com,neutral,high,usa,website,medium traffic,high credibility
euromaidanpress.com,left-center,high,ukraine,newspaper (online),medium traffic,high credibility
euronews.com,left-center,high,france,tv station,high traffic,high credibility
courierpress.com,left-center,high,usa,newspaper,medium traffic,high credibility
exposingtruth.com,left-center,high,united kingdom,website,minimal traffic,high credibility
factmyth.com,left-center,high,usa,website,minimal traffic,high credibility
fair.org,left-center,high,usa,organization/foundation,minimal traffic,high credibility
fairobserver.com,left-center,high,usa,organization/foundation,medium traffic,high credibility
fairvote.org,left-center,high,usa,organization/foundation,minimal traffic,high credibility
southernminn.com,left-center,high,usa,newspaper,minimal traffic,high credibility
fastcompany.com,left-center,high,usa,magazine,high traffic,high credibility
feministfrequency.com,left-center,high,canada,organization/foundation,minimal traffic,high credibility
fightforthefuture.org,left-center,high,usa,organization/foundation,minimal traffic,high credibility
fivethirtyeight.com,left-center,high,usa,website,high traffic,high credibility
foodnavigator.com,left-center,mixed,united kingdom,magazine,medium traffic,high credibility
fpif.org,left-center,high,usa,organization/foundation,minimal traffic,high credibility
niagarathisweek.com,left-center,high,canada,newspaper,minimal traffic,high credibility
fwweekly.com,left-center,high,usa,newspaper,minimal traffic,high credibility
francetvinfo.fr,left-center,high,france,radio/tv station,high traffic,high credibility
freakonomics.com,left-center,high,usa,radio station,medium traffic,high credibility
freethink.com,left-center,high,usa,website,high traffic,high credibility
fresnobee.com,left-center,high,usa,website,medium traffic,high credibility
gadsdentimes.com,left-center,high,usa,newspaper,medium traffic,high credibility
gainesville.com,left-center,high,usa,newspaper,medium traffic,high credibility
wyborcza.pl,left-center,high,poland,newspaper,high traffic,high credibility
glamour.com,left-center,high,usa,website,high traffic,high credibility
globalcitizen.org,left-center,high,usa,organization/foundation,medium traffic,high credibility
globalnews.ca,left-center,high,canada,website,high traffic,high credibility
theworld.org,left-center,high,usa,website,medium traffic,high credibility
globalriskinsights.com,left-center,high,united kingdom,website,minimal traffic,high credibility
globaltimes.cn,left,mixed,china,newspaper,high traffic,low credibility
gmanetwork.com,left-center,mixed,philippines,tv station,high traffic,medium credibility
goldstreamgazette.com,left-center,high,canada,newspaper,minimal traffic,high credibility
google.com,left-center,mixed,usa,organization/foundation,high traffic,high credibility
gothamist.com,left-center,high,usa,website,medium traffic,high credibility
governing.com,left-center,high,usa,website,medium traffic,high credibility
whistleblower.org,left-center,high,usa,organization/foundation,minimal traffic,high credibility
govexec.com,left-center,high,usa,magazine,medium traffic,high credibility
grandrapidsmn.com,left-center,high,usa,newspaper,minimal traffic,high credibility
greensboro.com,left-center,high,usa,newspaper,medium traffic,high credibility
greensburgdailynews.com,left-center,high,usa,newspaper,minimal traffic,high credibility
grid.news,left-center,high,usa,website,medium traffic,high credibility
grist.org,left-center,high,usa,website,medium traffic,high credibility
alliednews.com,left-center,high,usa,newspaper,minimal traffic,high credibility
guelphmercury.com,left-center,high,canada,website,minimal traffic,high credibility
gunviolencearchive.org,left-center,high,usa,organization/foundation,medium traffic,high credibility
heraldmailmedia.com,left-center,high,usa,newspaper,medium traffic,high credibility
hamiltonnews.com,left-center,high,canada,newspaper,minimal traffic,high credibility
harpers.org,left-center,high,usa,magazine,medium traffic,high credibility
courant.com,left-center,high,usa,newspaper,medium traffic,high credibility
harvardpolitics.com,left-center,high,usa,organization/foundation,minimal traffic,high credibility
hattiesburgamerican.com,left-center,high,usa,newspaper,minimal traffic,high credibility
hawaiitribune-herald.com,left-center,high,usa,newspaper,medium traffic,high credibility
healthyway.com,left-center,mixed,usa,website,medium traffic,medium credibility
heavy.com,left-center,high,usa,website,high traffic,high credibility
hechingerreport.org,left-center,high,usa,organization/foundation,medium traffic,high credibility
hs.fi,left-center,high,finland,newspaper,high traffic,high credibility
helsinkitimes.fi,neutral,high,finland,website,medium traffic,high credibility
thegleaner.com,left-center,high,usa,newspaper,minimal traffic,high credibility
hcn.org,left-center,high,usa,magazine,medium traffic,high credibility
hillsdale.net,left-center,high,usa,newspaper,minimal traffic,high credibility
historynewsnetwork.org,left-center,high,usa,organization/foundation,medium traffic,high credibility
hitc.com,left-center,mixed,united kingdom,website,high traffic,high credibility
hollandsentinel.com,left-center,high,usa,newspaper,minimal traffic,high credibility
hollywoodreporter.com,left-center,high,usa,magazine,high traffic,high credibility
civilbeat.org,left-center,high,usa,organization/foundation,medium traffic,high credibility
staradvertiser.com,left-center,high,usa,newspaper,high traffic,high credibility
hopestandard.com,left-center,high,canada,newspaper,minimal traffic,high credibility
hotnews.ro,left-center,high,romania,website,high traffic,high credibility
houmatoday.com,left-center,high,usa,newspaper,minimal traffic,high credibility
hrw.org,left-center,high,usa,organization/foundation,high traffic,high credibility
humanium.org,left-center,high,switzerland,organization/foundation,medium traffic,high credibility
icenews.is,left-center,mixed,iceland,newspaper,minimal traffic,medium credibility
ifamericaknew.org,left-center,high,usa,organization/foundation,minimal traffic,high credibility
iflscience.com,left-center,high,united kingdom,website,high traffic,high credibility
independentaustralia.net,left-center,high,australia,website,medium traffic,high credibility
index.hr,left-center,high,croatia,website,high traffic,high credibility
inews.co.uk,left-center,high,united kingdom,newspaper,high traffic,high credibility
infobae.com,left-center,high,argentina,website,high traffic,high credibility
inquisitr.com,left-center,mixed,israel,website,medium traffic,medium credibility
insideedition.com,left-center,high,usa,magazine,medium traffic,high credibility
insideevs.com,left-center,high,usa,website,high traffic,high credibility
insidehighered.com,left-center,high,usa,website,medium traffic,high credibility
insidephilanthropy.com,left-center,high,usa,website,minimal traffic,high credibility
insider.com,left-center,high,usa,website,high traffic,high credibility
instituteforgovernment.org.uk,left-center,high,united kingdom,organization/foundation,medium traffic,high credibility
imeu.org,left-center,high,usa,organization/foundation,minimal traffic,high credibility
itep.org,left-center,high,usa,website,medium traffic,high credibility
ibtimes.com,left-center,mixed,usa,website,medium traffic,medium credibility
interpretermag.com,left-center,high,usa,website,minimal traffic,high credibility
inverse.com,left-center,high,usa,website,high traffic,high credibility
press-citizen.com,left-center,high,usa,newspaper,medium traffic,high credibility
irishmirror.ie,left-center,mixed,ireland,newspaper,high traffic,high credibility
israel21c.org,left-center,high,israel,website,medium traffic,high credibility
jalopnik.com,left-center,high,usa,website,high traffic,high credibility
newsandtribune.com,left-center,high,usa,newspaper,minimal traffic,high credibility
joe.co.uk,left-center,mixed,united kingdom,website,medium traffic,high credibility
joe.ie,left-center,mixed,ireland,website,medium traffic,high credibility
kff.org,left-center,high,usa,organization/foundation,medium traffic,high credibility
khn.org,left-center,high,usa,organization/foundation,medium traffic,high credibility
thepeterboroughexaminer.com,left-center,high,canada,newspaper,minimal traffic,high credibility
kbrw.org,left-center,high,usa,radio station,minimal traffic,high credibility
kcrw.com,left-center,high,usa,radio station,medium traffic,high credibility
kenoshanews.com,left-center,high,usa,newspaper,medium traffic,high credibility
abc30.com,left-center,high,usa,tv station,high traffic,high credibility
abc7news.com,left-center,high,usa,tv station,high traffic,high credibility
kilgorenewsherald.com,left-center,high,usa,newspaper,minimal traffic,high credibility
kiyu.com,left-center,high,usa,radio station,minimal traffic,high credibility
nbcdfw.com,left-center,high,usa,tv station,high traffic,high credibility
kokomotribune.com,left-center,high,usa,newspaper,medium traffic,high credibility
kpic.com,right-center,high,usa,tv station,medium traffic,high credibility
kqed.org,left-center,high,usa,radio station,medium traffic,high credibility
alaskapublic.org,left-center,high,usa,radio station,medium traffic,high credibility
abc13.com,left-center,high,usa,tv station,high traffic,high credibility
idahopress.com,left-center,high,usa,newspaper,medium traffic,high credibility
kuow.org,left-center,high,usa,radio station,medium traffic,high credibility
kyivindependent.com,left-center,high,ukraine,website,medium traffic,high credibility
kyivpost.com,left-center,mixed,ukraine,newspaper,high traffic,medium credibility
kyuk.org,left-center,high,usa,radio station,minimal traffic,high credibility
laconiadailysun.com,left-center,high,usa,newspaper,medium traffic,high credibility
ladepeche.fr,left-center,high,france,newspaper,high traffic,high credibility
ladysmithchronicle.com,left-center,high,canada,newspaper,minimal traffic,high credibility
theadvertiser.com,left-center,high,usa,newspaper,medium traffic,high credibility
jconline.com,left-center,high,usa,newspaper,medium traffic,high credibility
lakecowichangazette.com,left-center,high,canada,newspaper,minimal traffic,high credibility
lajuntatribunedemocrat.com,left-center,high,usa,newspaper,minimal traffic,high credibility
langleyadvancetimes.com,left-center,high,canada,newspaper,medium traffic,high credibility
lapresse.ca,left-center,high,canada,newspaper,high traffic,high credibility
repubblica.it,left-center,high,italy,newspaper,high traffic,high credibility
lastampa.it,left-center,high,italy,newspaper,high traffic,high credibility
latimes.com,left-center,high,usa,newspaper,high traffic,high credibility
reporter.net,left-center,high,usa,newspaper,minimal traffic,high credibility
leftjustified.com,left-center,mixed,usa,website,minimal traffic,medium credibility
lemonde.fr,left-center,high,usa,newspaper,high traffic,high credibility
liberation.fr,left-center,high,france,newspaper,high traffic,high credibility
lincolncourier.com,left-center,high,usa,newspaper,minimal traffic,high credibility
livingstondaily.com,left-center,high,usa,newspaper,minimal traffic,high credibility
lamag.com,left-center,high,usa,magazine,medium traffic,high credibility
macleans.ca,left-center,high,canada,magazine,medium traffic,high credibility
malaysiakini.com,left-center,mixed,malaysia,website,high traffic,high credibility
mb.com.ph,left-center,mixed,philippines,newspaper,high traffic,medium credibility
somdnews.com,left-center,high,usa,newspaper,minimal traffic,high credibility
marshallnewsmessenger.com,left-center,high,usa,newspaper,minimal traffic,high credibility
reporter-times.com,left-center,high,usa,newspaper,minimal traffic,high credibility
marylandmatters.org,left-center,high,usa,organization/foundation,minimal traffic,high credibility
mcdonoughvoice.com,left-center,high,usa,newspaper,minimal traffic,high credibility
mediapart.fr,left-center,high,france,website,high traffic,high credibility
medium.com,left-center,mixed,usa,website,high traffic,medium credibility
menshealth.com,left-center,mixed,usa,magazine,high traffic,high credibility
mensjournal.com,left-center,mixed,usa,magazine,high traffic,high credibility
metro.co.uk,left-center,mixed,united kingdom,newspaper,high traffic,medium credibility
nhregister.com,left-center,high,usa,newspaper,medium traffic,high credibility
miamiherald.com,left-center,high,usa,newspaper,high traffic,high credibility
middleeasteye.net,left-center,mixed,united kingdom,website,medium traffic,high credibility
milforddailynews.com,left-center,high,usa,newspaper,minimal traffic,high credibility
unionrecorder.com,left-center,high,usa,newspaper,minimal traffic,high credibility
mississauga.com,left-center,high,canada,newspaper,minimal traffic,high credibility
mississippitoday.org,left-center,high,usa,organization/foundation,medium traffic,high credibility
moneytalksnews.com,left-center,high,usa,website,medium traffic,high credibility
mongabay.com,left-center,high,usa,organization/foundation,medium traffic,high credibility
montgomeryadvertiser.com,left-center,high,usa,newspaper,medium traffic,high credibility
morningbrew.com,left-center,high,usa,website,high traffic,high credibility
themoscowtimes.com,left-center,high,netherlands,website,medium traffic,high credibility
motherjones.com,left-center,high,usa,magazine,high traffic,high credibility
moultrieobserver.com,left-center,high,usa,newspaper,minimal traffic,high credibility
msn.com,left-center,high,usa,news agency,high traffic,high credibility
thestarpress.com,left-center,high,usa,newspaper,medium traffic,high credibility
mycentraljersey.com,left-center,high,usa,newspaper,medium traffic,high credibility
nanaimobulletin.com,left-center,high,canada,newspaper,minimal traffic,high credibility
nationalnewswatch.com,left-center,mixed,canada,website,medium traffic,high credibility
nationalobserver.com,left-center,high,canada,website,medium traffic,high credibility
youthrights.org,left-center,high,usa,organization/foundation,minimal traffic,high credibility
nbcphiladelphia.com,left-center,high,usa,tv station,high traffic,high credibility
nbcchicago.com,left-center,high,usa,tv station,high traffic,high credibility
nbclosangeles.com,left-center,high,usa,tv station,high traffic,high credibility
nbcnews.com,left-center,high,usa,tv station,high traffic,high credibility
nbcnewyork.com,left-center,high,usa,tv station,high traffic,high credibility
ndtv.com,left-center,mixed,india,tv station,high traffic,medium credibility
newamerica.org,left-center,high,usa,organization/foundation,medium traffic,high credibility
southcoasttoday.com,left-center,high,usa,newspaper,medium traffic,high credibility
ncnewsonline.com,left-center,high,usa,newspaper,medium traffic,high credibility
newhamburgindependent.ca,left-center,high,canada,newspaper,minimal traffic,high credibility
newscentermaine.com,left-center,high,usa,tv station,medium traffic,high credibility
nydailynews.com,left-center,high,usa,newspaper,high traffic,high credibility
nytimes.com,left-center,high,usa,newspaper,high traffic,high credibility
newser.com,left-center,high,usa,website,high traffic,high credibility
newsy.com,left-center,high,usa,tv station,medium traffic,high credibility
niagarafallsreview.ca,left-center,high,canada,newspaper,medium traffic,high credibility
niagara-gazette.com,left-center,high,usa,newspaper,medium traffic,high credibility
niemanlab.org,left-center,high,usa,organization/foundation,medium traffic,high credibility
northdeltareporter.com,left-center,high,canada,newspaper,minimal traffic,high credibility
northislandgazette.com,left-center,high,canada,newspaper,minimal traffic,high credibility
therecord.com,left-center,high,canada,newspaper,minimal traffic,high credibility
norwichbulletin.com,left-center,high,usa,newspaper,medium traffic,high credibility
novinky.cz,left-center,mixed,czech republic,website,high traffic,high credibility
nrc.nl,left-center,high,netherlands,newspaper,high traffic,high credibility
npr.org,left-center,high,usa,radio station,high traffic,high credibility
oakbaynews.com,left-center,high,canada,newspaper,minimal traffic,high credibility
ocala.com,left-center,high,usa,newspaper,medium traffic,high credibility
oneindia.com,left-center,mixed,india,website,high traffic,medium credibility
dailyworld.com,left-center,high,usa,newspaper,minimal traffic,high credibility
oskaloosa.com,left-center,high,usa,newspaper,minimal traffic,high credibility
ottumwacourier.com,left-center,high,usa,newspaper,minimal traffic,high credibility
ourworldindata.org,left-center,high,united kingdom,website,high traffic,high credibility
palmbeachdailynews.com,left-center,high,usa,newspaper,medium traffic,high credibility
panolawatchman.com,left-center,high,usa,newspaper,minimal traffic,high credibility
newsherald.com,left-center,high,usa,newspaper,medium traffic,high credibility
pqbnews.com,left-center,high,canada,newspaper,minimal traffic,high credibility
parrysound.com,left-center,high,canada,newspaper,minimal traffic,high credibility
patrioticmillionaires.org,left-center,high,usa,organization/foundation,minimal traffic,high credibility
pbs.org,left-center,high,usa,tv station,high traffic,high credibility
peacearchnews.com,left-center,high,canada,newspaper,minimal traffic,high credibility
pekintimes.com,left-center,high,usa,newspaper,minimal traffic,high credibility
peninsulanewsreview.com,left-center,high,canada,newspaper,minimal traffic,high credibility
petoskeynews.com,left-center,high,usa,newspaper,minimal traffic,high credibility
pharostribune.com,left-center,high,usa,newspaper,minimal traffic,high credibility
inquirer.com,left-center,high,usa,newspaper,high traffic,high credibility
phillyvoice.com,left-center,high,usa,website,medium traffic,high credibility
politico.com,left-center,high,usa,website,high traffic,high credibility
politico.eu,left-center,high,germany,website,high traffic,high credibility
politics.co.uk,left-center,high,united kingdom,website,minimal traffic,high credibility
politifact.com,left-center,high,usa,website,high traffic,high credibility
polygon.com,left-center,high,usa,website,high traffic,high credibility
pontiacdailyleader.com,left-center,high,usa,newspaper,minimal traffic,high credibility
populationconnection.org,left,high,usa,organization/foundation,minimal traffic,high credibility
albernivalleynews.com,left-center,high,canada,newspaper,minimal traffic,high credibility
seacoastonline.com,left-center,high,usa,newspaper,medium traffic,high credibility
project-syndicate.org,left-center,high,czech republic,organization/foundation,medium traffic,high credibility
propublica.org,left-center,high,usa,organization/foundation,high traffic,high credibility
protocol.com,left-center,high,usa,website,medium traffic,high credibility
publicnewsservice.org,left-center,high,usa,organization/foundation,minimal traffic,high credibility
publico.es,left-center,high,spain,website,high traffic,high credibility
puck.news,left-center,mixed,usa,website,medium traffic,medium credibility
chieftain.com,left-center,high,usa,newspaper,medium traffic,high credibility
qz.com,left-center,high,usa,website,high traffic,high credibility
patriotledger.com,left-center,high,usa,newspaper,medium traffic,high credibility
radiotelevisionmarti.com,left-center,mixed,usa,radio/tv,medium traffic,medium credibility
rappler.com,left-center,high,philippines,website,high traffic,high credibility
religionandpolitics.org,left-center,high,usa,website,minimal traffic,high credibility
pal-item.com,left-center,high,usa,newspaper,minimal traffic,high credibility
ridgecrestca.com,left-center,high,usa,newspaper,minimal traffic,high credibility
rocketnews.com,left-center,mixed,usa,website,minimal traffic,medium credibility
rrstar.com,left-center,high,usa,newspaper,medium traffic,high credibility
heraldonline.com,left-center,high,usa,newspaper,minimal traffic,high credibility
salina.com,left-center,high,usa,newspaper,medium traffic,high credibility
delmarvanow.com,left-center,high,usa,newspaper,medium traffic,high credibility
sanluisobispo.com,left-center,high,usa,newspaper,medium traffic,high credibility
sapiens.org,left-center,high,united states,magazine,medium traffic,high credibility
sciencing.com,left-center,high,usa,website,high traffic,high credibility
seattletimes.com,left-center,high,usa,newspaper,high traffic,high credibility
self.com,left-center,mixed,usa,website,high traffic,high credibility
sentencingproject.org,left-center,high,usa,organization/foundation,minimal traffic,high credibility
snopes.com,left-center,mixed,usa,website,high traffic,high credibility
somerset-kentucky.com,left-center,high,usa,newspaper,minimal traffic,high credibility
scmp.com,left-center,mixed,hong kong,newspaper,high traffic,medium credibility
sbs.com.au,left-center,high,australia,tv station,high traffic,high credibility
spin.com,left-center,high,usa,website,medium traffic,high credibility
news-leader.com,left-center,high,usa,newspaper,medium traffic,high credibility
staugustine.com,left-center,high,usa,newspaper,medium traffic,high credibility
stamfordadvocate.com,left-center,high,usa,newspaper,medium traffic,high credibility
newsaegis.com,left-center,high,usa,newspaper,minimal traffic,high credibility
stopfake.org,left-center,high,ukraine,website,minimal traffic,high credibility
sturgisjournal.com,left-center,high,usa,newspaper,minimal traffic,high credibility
agriculture.com,left-center,high,usa,magazine,medium traffic,high credibility
sueddeutsche.de,left-center,high,germany,newspaper,high traffic,high credibility
surreynowleader.com,left-center,high,canada,newspaper,minimal traffic,high credibility
taiwannews.com.tw,left-center,mixed,taiwan,website,medium traffic,high credibility
tampabay.com,left-center,high,usa,newspaper,high traffic,high credibility
taskandpurpose.com,left-center,mixed,usa,website,high traffic,high credibility
tauntongazette.com,left-center,high,usa,newspaper,minimal traffic,high credibility
tcpalm.com,left-center,high,usa,newspaper,medium traffic,high credibility
tribstar.com,left-center,high,usa,newspaper,minimal traffic,high credibility
texastribune.org,left-center,high,usa,organization/foundation,high traffic,high credibility
the74million.org,left-center,high,usa,organization/foundation,minimal traffic,high credibility
theage.com.au,left-center,high,australia,newspaper,high traffic,high credibility
belfercenter.org,left-center,high,usa,organization/foundation,medium traffic,high credibility
cepr.net,left-center,high,usa,organization/foundation,minimal traffic,high credibility
thecity.nyc,left-center,high,usa,organization/foundation,medium traffic,high credibility
coloradoan.com,left-center,high,usa,newspaper,medium traffic,high credibility
coloradosun.com,left-center,high,usa,website,medium traffic,high credibility
canadians.org,left-center,high,canada,organization/foundation,minimal traffic,high credibility
thedailystar.com,left-center,high,usa,newspaper,minimal traffic,high credibility
dominionpost.com,left-center,high,usa,newspaper,minimal traffic,high credibility
thefulcrum.us,left-center,high,usa,website,minimal traffic,high credibility
thegardenisland.com,left-center,high,usa,newspaper,medium traffic,high credibility
heraldscotland.com,left-center,high,united kingdom,newspaper,high traffic,high credibility
goshennews.com,left-center,high,usa,newspaper,medium traffic,high credibility
thehawkeye.com,left-center,high,usa,newspaper,medium traffic,high credibility
hilltimes.com,left-center,high,canada,newspaper,medium traffic,high credibility
hutchnews.com,left-center,high,usa,newspaper,medium traffic,high credibility
independent.co.uk,left-center,mixed,united kingdom,newspaper,high traffic,medium credibility
theintercept.com,left,mixed,usa,website,high traffic,high credibility
irishexaminer.com,left-center,mixed,ireland,newspaper,high traffic,high credibility
irishtimes.com,left-center,high,ireland,newspaper,high traffic,high credibility
irrawaddy.com,left-center,high,thailand,website,medium traffic,high credibility
thejournal.ie,left-center,high,ireland,website,high traffic,high credibility
journalistsresource.org,left-center,high,usa,organization/foundation,minimal traffic,high credibility
koreatimes.co.kr,left-center,mixed,south korea,newspaper,medium traffic,high credibility
lincolnproject.us,left-center,mixed,usa,organization/foundation,medium traffic,medium credibility
thelist.com,left-center,mixed,usa,website,high traffic,medium credibility
mauinews.com,left-center,high,usa,newspaper,medium traffic,high credibility
fool.com,left-center,high,usa,website,high traffic,high credibility
thenational.scot,left-center,high,united kingdom (scotland),newspaper,high traffic,high credibility
thenextweb.com,left-center,mixed,usa,website,medium traffic,high credibility
theguardian.com,left-center,mixed,united kingdom,newspaper,high traffic,medium credibility
theodysseyonline.com,left-center,mixed,usa,website,medium traffic,medium credibility
theolympian.com,left-center,high,usa,newspaper,medium traffic,high credibility
palmbeachpost.com,left-center,high,usa,newspaper,medium traffic,high credibility
pennlive.com,left-center,high,usa,newspaper,high traffic,high credibility
cleveland.com,left-center,high,usa,newspaper,high traffic,high credibility
pressdemocrat.com,left-center,high,usa,newspaper,medium traffic,high credibility
punchng.com,left-center,mixed,nigeria,newspaper,high traffic,medium credibility
thequint.com,left-center,high,india,website,high traffic,high credibility
northjersey.com,neutral,high,usa,newspaper,medium traffic,high credibility
therighting.com,left-center,high,usa,website,minimal traffic,high credibility
theringer.com,left-center,high,usa,website,high traffic,high credibility
santafenewmexican.com,left-center,high,usa,newspaper,medium traffic,high credibility
thesaturdaypaper.com.au,left-center,high,australia,newspaper,medium traffic,high credibility
sooeveningnews.com,left-center,high,usa,newspaper,minimal traffic,high credibility
theskimm.com,left-center,high,usa,website,medium traffic,high credibility
thestate.com,left-center,high,usa,newspaper,medium traffic,high credibility
sj-r.com,left-center,high,usa,newspaper,medium traffic,high credibility
statepress.com,left-center,high,usa,website,minimal traffic,high credibility
thesunmagazine.org,left-center,high,usa,magazine,minimal traffic,high credibility
smh.com.au,left-center,high,australia,newspaper,high traffic,high credibility
thetab.com,left-center,high,united kingdom,website,medium traffic,high credibility
thetrace.org,left-center,high,usa,website,medium traffic,high credibility
thetyee.ca,left-center,high,canada,organization/foundation,medium traffic,high credibility
thevarsity.ca,left-center,high,canada,newspaper,minimal traffic,high credibility
theverge.com,left-center,high,usa,website,high traffic,high credibility
pilotonline.com,left-center,high,usa,newspaper,medium traffic,high credibility
theweek.co.uk,left-center,high,united kingdom,website,medium traffic,high credibility
wilderness.org,left-center,high,usa,organization/foundation,minimal traffic,high credibility
thewire.in,left-center,mixed,india,website,medium traffic,high credibility
thewrap.com,left-center,mixed,usa,website,high traffic,medium credibility
dailycomet.com,left-center,high,usa,newspaper,minimal traffic,high credibility
timesenterprise.com,left-center,high,usa,newspaper,minimal traffic,high credibility
trust.org,left-center,high,united kingdom,organization/foundation,medium traffic,high credibility
thrillist.com,left-center,high,usa,website,high traffic,high credibility
tiftongazette.com,left-center,high,usa,newspaper,minimal traffic,high credibility
time.com,left-center,high,usa,magazine,high traffic,high credibility
timescolonist.com,left-center,high,canada,newspaper,medium traffic,high credibility
timesheadline.com,left-center,mixed,india,website,minimal traffic,medium credibility
timesofisrael.com,left-center,high,israel,website,high traffic,high credibility
nola.com,left-center,high,usa,newspaper,high traffic,high credibility
tmz.com,left-center,mixed,usa,website,high traffic,medium credibility
today.com,left-center,mixed,usa,tv station/website,high traffic,high credibility
tomdispatch.com,left-center,high,usa,website,minimal traffic,high credibility
cjonline.com,left-center,high,usa,newspaper,medium traffic,high credibility
truthbetold.news,left-center,high,usa,organization/foundation,minimal traffic,high credibility
tuscaloosanews.com,left-center,high,usa,newspaper,medium traffic,high credibility
tvanouvelles.ca,left-center,mixed,canada,tv station,high traffic,high credibility
uawire.org,left-center,mixed,ukraine,website,minimal traffic,medium credibility
undark.org,left-center,high,usa,magazine (digital),medium traffic,high credibility
ucsusa.org,neutral,mixed,usa,organization/foundation,medium traffic,high credibility
uft.org,left-center,high,usa,organization/foundation,minimal traffic,high credibility
uscis.gov,left-center,high,usa,government organization,high traffic,high credibility
universitybusiness.com,left-center,high,usa,website,minimal traffic,high credibility
un.org,left-center,high,usa,organization/foundation,high traffic,high credibility
pravda.com.ua,left-center,mixed,ukraine,website,high traffic,high credibility
urban.org,left-center,high,usa,organization/foundation,medium traffic,high credibility
usatoday.com,left-center,mixed,usa,newspaper,high traffic,high credibility
usnews.com,left-center,high,usa,magazine,high traffic,high credibility
upr.org,left-center,high,usa,radio station,minimal traffic,high credibility
uticaod.com,left-center,high,usa,newspaper,medium traffic,high credibility
centerforpolitics.org,left-center,high,usa,organization/foundation,minimal traffic,high credibility
valdostadailytimes.com,left-center,high,usa,newspaper,medium traffic,high credibility
variety.com,left-center,high,usa,magazine,high traffic,high credibility
vcstar.com,left-center,high,usa,newspaper,medium traffic,high credibility
verafiles.org,left-center,high,philippines,website,medium traffic,high credibility
vibe.com,left-center,mixed,usa,website,medium traffic,medium credibility
vice.com,left-center,mixed,usa,website,high traffic,high credibility
victoriaadvocate.com,left-center,high,usa,newspaper,medium traffic,high credibility
victoriabuzz.com,left-center,high,canada,website,medium traffic,high credibility
vvdailypress.com,left-center,high,usa,newspaper,medium traffic,high credibility
virginiamercury.com,left-center,high,usa,website,medium traffic,high credibility
visaliatimesdelta.com,left-center,high,usa,newspaper,medium traffic,high credibility
vladtv.com,left-center,mixed,usa,website,high traffic,medium credibility
voiceofsandiego.org,left-center,high,usa,organization/foundation,minimal traffic,high credibility
votevets.org,left-center,mixed,usa,organization/foundation,minimal traffic,medium credibility
vtdigger.org,left-center,high,usa,website,medium traffic,high credibility
vulture.com,left-center,high,usa,website,high traffic,high credibility
walesonline.co.uk,left-center,high,united kingdom,website,high traffic,high credibility
wamu.org,left-center,high,usa,radio station,medium traffic,high credibility
washingtonblade.com,left-center,high,usa,newspaper,medium traffic,high credibility
washingtonmonthly.com,left-center,high,usa,magazine,medium traffic,high credibility
wola.org,left-center,high,usa,organization/foundation,minimal traffic,high credibility
washingtonpost.com,left-center,mixed,usa,newspaper,high traffic,high credibility
apr.org,left-center,high,usa,radio station,minimal traffic,high credibility
nbcboston.com,left-center,high,usa,tv station,medium traffic,high credibility
westhawaiitoday.com,left-center,high,usa,newspaper,medium traffic,high credibility
whdh.com,left-center,high,usa,tv station,medium traffic,high credibility
whitehouse.gov,left-center,mixed,usa,website,high traffic,high credibility
wikileaks.org,left-center,mixed,iceland,website,medium traffic,medium credibility
wired.com,left-center,high,usa,website,minimal traffic,high credibility
wishtv.com,left-center,high,usa,tv station,medium traffic,high credibility
wjab.org,left-center,high,usa,radio station,minimal traffic,high credibility
wlrh.org,left-center,high,usa,radio station,minimal traffic,high credibility
wnyc.org,left-center,high,usa,radio station,medium traffic,high credibility
wilsoncenter.org,left-center,high,usa,organization/foundation,medium traffic,high credibility
broadenimpact.com,left-center,high,usa,organization/foundation,minimal traffic,high credibility
worldcrunch.com,left-center,high,france,website,minimal traffic,high credibility
weforum.org,left-center,high,switzerland,organization/foundation,high traffic,high credibility
worldpress.org,left-center,mixed,usa,website,minimal traffic,medium credibility
wri.org,left-center,high,usa,organization/foundation,medium traffic,high credibility
6abc.com,left-center,high,usa,tv station,high traffic,high credibility
nbcwashington.com,left-center,high,usa,tv station,medium traffic,high credibility
wsvn.com,left-center,high,usa,tv station,medium traffic,high credibility
nbcmiami.com,left-center,high,usa,tv station,high traffic,high credibility
wvasfm.org,left-center,high,usa,radio station,minimal traffic,high credibility
yahoo.com,left-center,high,usa,website,high traffic,high credibility
yale.edu,left-center,high,usa,organization/foundation,high traffic,high credibility
ynetnews.com,left-center,high,israel,website,medium traffic,high credibility
ydr.com,left-center,high,usa,newspaper,medium traffic,high credibility
yorkdispatch.com,left-center,high,usa,newspaper,medium traffic,high credibility
yr.media,left-center,high,usa,organization/foundation,minimal traffic,high credibility
7news.com.au,right-center,mixed,australia,tv station,high traffic,medium credibility
9news.com.au,right-center,high,australia,tv station,high traffic,high credibility
19fortyfive.com,right-center,mixed,usa,website,medium traffic,high credibility
abc.es,right-center,high,spain,newspaper,high traffic,high credibility
theadvocates.org,right-center,mixed,usa,website,minimal traffic,medium credibility
ahram.org.eg,right-center,mixed,egypt,newspaper,medium traffic,medium credibility
airdrieecho.com,right-center,high,canada,newspaper,minimal traffic,high credibility
altoday.com,right-center,mixed,usa,website,minimal traffic,high credibility
shelbycountyreporter.com,right-center,high,usa,newspaper,minimal traffic,high credibility
abqjournal.com,right-center,high,usa,newspaper,medium traffic,high credibility
aleteia.org,right-center,mixed,france,website,high traffic,medium credibility
alexcityoutlook.com,right-center,high,usa,newspaper,minimal traffic,high credibility
echopress.com,right-center,high,usa,newspaper,minimal traffic,high credibility
americanactionforum.org,right-center,mixed,usa,organization/foundation,minimal traffic,high credibility
americanaffairsjournal.org,right-center,high,usa,journal,medium traffic,high credibility
acsh.org,right-center,high,usa,organization/foundation,medium traffic,high credibility
americanfirearms.org,right-center,high,usa,website,medium traffic,high credibility
aier.org,right-center,mixed,usa,organization/foundation,medium traffic,medium credibility
americanmilitarynews.com,right-center,mixed,usa,newspaper,medium traffic,high credibility
americasquarterly.org,right-center,high,usa,magazine,medium traffic,high credibility
americustimesrecorder.com,right-center,high,usa,newspaper,minimal traffic,high credibility
anchoragepress.com,right-center,high,usa,newspaper,minimal traffic,high credibility
andalusiastarnews.com,right-center,high,usa,newspaper,minimal traffic,high credibility
angusreid.org,right-center,high,canada,organization/foundation,medium traffic,high credibility
antiwar.com,right-center,mixed,usa,website,minimal traffic,medium credibility
appledaily.com,right-center,mixed,hong kong,newspaper,high traffic (when online),high credibility
arcamax.com,right-center,mixed,usa,website,high traffic,high credibility
argusleader.com,right-center,high,usa,newspaper,medium traffic,high credibility
arkansasonline.com,right-center,high,usa,newspaper,medium traffic,high credibility
israelnationalnews.com,right-center,mixed,israel,tv station,medium traffic,medium credibility
aawsat.com,right-center,mixed,united kingdom,newspaper,medium traffic,medium credibility
aninews.in,right-center,mixed,india,news agency,medium traffic,medium credibility
atchisonglobenow.com,right-center,high,usa,newspaper,minimal traffic,high credibility
atlanticcouncil.org,right-center,high,usa,organization/foundation,medium traffic,high credibility
atmoreadvance.com,right-center,high,usa,newspaper,minimal traffic,high credibility
aynrand.org,right-center,mixed,usa,organization/foundation,medium traffic,medium credibility
thepostsearchlight.com,right-center,high,usa,newspaper,minimal traffic,high credibility
bangkokpost.com,right-center,mixed,thailand,newspaper,high traffic,medium credibility
barrons.com,right-center,high,usa,magazine,high traffic,high credibility
guardonline.com,right-center,high,usa,newspaper,minimal traffic,high credibility
beavercreeknewscurrent.com,right-center,high,usa,newspaper,minimal traffic,high credibility
beinglibertarian.com,right-center,mixed,usa,website,minimal traffic,medium credibility
bemidjipioneer.com,right-center,high,usa,newspaper,medium traffic,high credibility
berlingske.dk,right-center,mixed,denmark,newspaper,high traffic,high credibility
bild.de,right-center,mixed,germany,newspaper,high traffic,medium credibility
billingsgazette.com,right-center,high,usa,newspaper,medium traffic,high credibility
bipartisanpolicy.org,right-center,mixed,usa,organization/foundation,minimal traffic,high credibility
bnr.nl,right-center,mixed,netherlands,radio station,medium traffic,high credibility
boomlive.in,right-center,high,india,website,medium traffic,high credibility
bostonherald.com,right-center,high,usa,newspaper,high traffic,high credibility
bgdailynews.com,right-center,high,usa,newspaper,minimal traffic,high credibility
thecragandcanyon.ca,right-center,high,canada,newspaper,minimal traffic,high credibility
brainerddispatch.com,right-center,high,usa,newspaper,medium traffic,high credibility
breakingdefense.com,right-center,high,usa,website,medium traffic,high credibility
thebreakthrough.org,right-center,high,usa,organization/foundation,minimal traffic,high credibility
brewtonstandard.com,right-center,high,usa,newspaper,minimal traffic,high credibility
bryantimes.com,right-center,high,usa,newspaper,minimal traffic,high credibility
bt.dk,right-center,mixed,denmark,newspaper,high traffic,high credibility
batimes.com.ar,right-center,high,argentina,newspaper,medium traffic,high credibility
businesslive.co.za,right-center,mixed,south africa,website,medium traffic,medium credibility
business-standard.com,right-center,mixed,india,newspaper,high traffic,high credibility
californiaglobe.com,right-center,mixed,usa,website,medium traffic,medium credibility
capoliticalreview.com,right-center,mixed,usa,website,minimal traffic,medium credibility
campaignforliberty.org,right-center,mixed,usa,organization/foundation,minimal traffic,medium credibility
capitalismmagazine.com,right-center,mixed,usa,website,minimal traffic,high credibility
cato.org,right-center,high,usa,organization/foundation,medium traffic,high credibility
ccn.com,right-center,high,norway,website,medium traffic,high credibility
cftni.org,right-center,mixed,united states,organization/foundation,minimal traffic,medium credibility
checkyourfact.com,right-center,high,usa,website,medium traffic,high credibility
chicagotribune.com,right-center,high,usa,newspaper,high traffic,high credibility
chinadigitaltimes.net,right-center,mixed,usa,website,medium traffic,high credibility
christianitytoday.com,right-center,high,usa,magazine,medium traffic,high credibility
clantonadvertiser.com,right-center,high,usa,newspaper,minimal traffic,high credibility
clarin.com,right-center,high,argentina,newspaper,high traffic,high credibility
cochranetimes.com,right-center,high,canada,newspaper,minimal traffic,high credibility
saltwire.com,right-center,high,canada,newspaper,medium traffic,high credibility
coldlakesun.com,right-center,high,canada,newspaper,minimal traffic,high credibility
gazette.com,right-center,high,usa,newspaper,medium traffic,high credibility
columbiadailyherald.com,left-center,high,usa,newspaper,minimal traffic,high credibility
crfb.org,right-center,high,usa,organization/foundation,minimal traffic,high credibility
newsexaminer.com,right-center,high,usa,newspaper,minimal traffic,high credibility
cordeledispatch.com,right-center,high,usa,newspaper,minimal traffic,high credibility
dn.se,right-center,high,sweden,newspaper,high traffic,high credibility
dailyherald.com,right-center,high,usa,newspaper,medium traffic,high credibility
mininggazette.com,right-center,high,usa,newspaper,minimal traffic,high credibility
dailypress.com,right-center,high,usa,newspaper,medium traffic,high credibility
dailyo.in,right-center,mixed,india,website,medium traffic,medium credibility
dallasnews.com,right-center,high,usa,newspaper,high traffic,high credibility
amnews.com,right-center,high,usa,newspaper,minimal traffic,high credibility
volkskrant.nl,right-center,high,netherlands,newspaper,high traffic,high credibility
deccanchronicle.com,right-center,mixed,india,newspaper,medium traffic,high credibility
delgazette.com,right-center,high,usa,newspaper,minimal traffic,high credibility
demopolistimes.com,right-center,high,usa,newspaper,minimal traffic,high credibility
denvergazette.com,right-center,high,usa,website,medium traffic,high credibility
desertsun.com,right-center,high,usa,newspaper,mediumtraffic,high credibility
dl-online.com,right-center,high,usa,newspaper,minimal traffic,high credibility
deutschland.de,right-center,mixed,germany,website,medium traffic,high credibility
devondispatch.ca,right-center,high,canada,newspaper,minimal traffic,high credibility
diepresse.com,right-center,high,austria,newspaper,high traffic,high credibility
welt.de,right-center,high,germany,newspaper,high traffic,high credibility
douglascountysentinel.com,right-center,high,usa,newspaper,minimal traffic,high credibility
downsizinggovernment.org,right-center,high,usa,organization/foundation,minimal traffic,high credibility
draytonvalleywesternreview.com,right-center,high,canada,newspaper,minimal traffic,high credibility
drudgereport.com,right-center,mixed,usa,website,high traffic,medium credibility
registerherald.com,right-center,high,usa,newspaper,minimal traffic,high credibility
thewetumpkaherald.com,right-center,high,usa,newspaper,minimal traffic,high credibility
ecuavisa.com,right-center,mixed,ecuador,tv station,medium traffic,medium credibility
edmontonexaminer.com,right-center,mixed,canada,newspaper,minimal traffic,high credibility
edmontonjournal.com,right-center,high,canada,newspaper,medium traffic,high credibility
edmontonsun.com,right-center,high,canada,newspaper,medium traffic,high credibility
thenewsenterprise.com,right-center,high,usa,newspaper,minimal traffic,high credibility
elmundo.es,right-center,mixed,spain,newspaper,high traffic,high credibility
eluniverso.com,right-center,high,ecuador,newspaper,high traffic,high credibility
endtimeheadlines.org,right-center,mixed,usa,website,minimal traffic,medium credibility
entrepreneur.com,right-center,high,usa,magazine,high traffic,high credibility
ekirikas.com,right-center,mixed,usa,newspaper,minimal traffic,medium credibility
expressen.se,right-center,mixed,sweden,newspaper,high traffic,high credibility
fairborndailyherald.com,right-center,high,usa,newspaper,minimal traffic,high credibility
fairviewpost.com,right-center,high,canada,newspaper,minimal traffic,high credibility
faithfamilyamerica.com,right-center,mixed,usa,website,minimal traffic,medium credibility
longwarjournal.org,right-center,high,usa,website,minimal traffic,high credibility
financialexpress.com,right-center,mixed,india,newspaper,high traffic,medium credibility
financialpost.com,right-center,mixed,canada,newspaper,medium traffic,high credibility
firearmsnews.com,right-center,mixed,usa,magazine,medium traffic,high credibility
firstpost.com,right-center,mixed,india,website,high traffic,high credibility
fitchratings.com,right-center,high,usa,website,medium traffic,high credibility
fitsnews.com,right,mixed,usa,website,medium traffic,medium credibility
forbes.com,right-center,mixed,usa,magazine,high traffic,high credibility
fpri.org,right-center,high,usa,organization/foundation,medium traffic,high credibility
fbherald.com,right-center,high,usa,website,medium traffic,high credibility
fortmcmurraytoday.com,right-center,high,canada,newspaper,minimal traffic,high credibility
fortnightlyreview.co.uk,right-center,high,united kingdom,website,minimal traffic,high credibility
fortune.com,right-center,high,usa,magazine,high traffic,high credibility
fee.org,right-center,mixed,usa,organization/foundation,medium traffic,high credibility
foxbusiness.com,right-center,mixed,usa,tv station,high traffic,high credibility
foxillinois.com,right-center,high,usa,tv station,minimal traffic,high credibility
ftimes.com,right-center,high,usa,newspaper,minimal traffic,high credibility
faz.net,right-center,high,germany,newspaper,high traffic,high credibility
dailyjournal.net,right-center,high,usa,newspaper,minimal traffic,high credibility
franklinnews.org,right-center,mixed,usa,organization/foundation,minimal traffic,medium credibility
fraserinstitute.org,right-center,mixed,canada,organization/foundation,minimal traffic,medium credibility
freedomhouse.org,right-center,high,usa,organization/foundation,medium traffic,high credibility
fcnews.org,right-center,high,usa,newspaper,minimal traffic,high credibility
mydailytribune.com,right-center,high,usa,newspaper,minimal traffic,high credibility
galvnews.com,right-center,high,usa,newspaper,mediumtraffic,high credibility
geo.tv,right-center,mixed,pakistan,tv station,high traffic,medium credibility
godupdates.com,right-center,mixed,usa,website,medium traffic,medium credibility
gp.se,right-center,mixed,sweden,website,high traffic,high credibility
grandforksherald.com,right-center,high,usa,newspaper,medium traffic,high credibility
greeleytribune.com,right-center,high,usa,newspaper,medium traffic,high credibility
greenfieldreporter.com,right-center,high,usa,newspaper,minimal traffic,high credibility
greenvilleadvocate.com,right-center,high,usa,newspaper,minimal traffic,high credibility
dailyadvocate.com,right-center,high,usa,newspaper,minimal traffic,high credibility
griffindailynews.com,right-center,high,usa,newspaper,minimal traffic,high credibility
guns.com,right-center,high,usa,website,high traffic,high credibility
hammondstar.com,right-center,high,usa,newspaper,minimal traffic,high credibility
hannaherald.com,right-center,high,canada,newspaper,minimal traffic,high credibility
myheraldreview.com,right-center,high,usa,website,minimal traffic,high credibility
heraldsun.com.au,right-center,mixed,australia,newspaper,high traffic,high credibility
hln.be,right-center,mixed,belgium,newspaper,high traffic,high credibility
hidesertstar.com,right-center,high,usa,newspaper,minimal traffic,high credibility
hpenews.com,right-center,high,usa,newspaper,minimal traffic,high credibility
highrivertimes.com,right-center,high,canada,newspaper,minimal traffic,high credibility
timesgazette.com,right-center,high,usa,newspaper,minimal traffic,high credibility
thehindubusinessline.com,right-center,mixed,india,newspaper,high traffic,medium credibility
honestreporting.com,right-center,mixed,usa,organization/foundation,minimal traffic,medium credibility
hoover.org,right-center,high,usa,organization/foundation,mediumtraffic,high credibility
humanprogress.org,right-center,mixed,usa,website,medium traffic,high credibility
h-ponline.com,right-center,high,usa,newspaper,minimal traffic,high credibility
al.com,right-center,high,usa,newspaper,high traffic,high credibility
icitizen.com,right-center,mixed,usa,website,minimal traffic,medium credibility
idahostatejournal.com,right-center,high,usa,newspaper,medium traffic,high credibility
iefimerida.gr,right-center,mixed,greece,website,high traffic,medium credibility
ilgiornale.it,right-center,mixed,italy,newspaper,high traffic,medium credibility
amuedge.com,right-center,high,usa,website,minimal traffic,high credibility
india.com,right-center,mixed,india,website,high traffic,high credibility
indiatoday.in,right-center,mixed,india,magazine,high traffic,medium credibility
indiatvnews.com,right-center,mixed,india,tv station,high traffic,high credibility
inforum.com,right-center,high,usa,website/newspaper,medium traffic,high credibility
interfax.ru,right-center,mixed,russia,news agency,high traffic,medium credibility
investortimes.com,right-center,mixed,andorra,website,minimal traffic,medium credibility
itv.com,right-center,high,united kingdom,tv station,high traffic,high credibility
jamestownsun.com,right-center,high,usa,newspaper,medium traffic,high credibility
jessaminejournal.com,right-center,high,usa,newspaper,minimal traffic,high credibility
jonesborosun.com,right-center,high,usa,newspaper,minimal traffic,high credibility
justfacts.com,right-center,mixed,usa,website,minimal traffic,high credibility
foxkansas.com,right-center,high,usa,tv station,minimal traffic,high credibility
foxsanantonio.com,right-center,high,usa,tv station,medium traffic,high credibility
wwmt.com,right-center,high,usa,tv station,medium traffic,high credibility
khaleejtimes.com,right-center,mixed,united arab emirates,newspaper,high traffic,medium credibility
katu.com,right-center,high,usa,tv station,medium traffic,high credibility
katv.com,right-center,high,usa,tv station,medium traffic,high credibility
bakersfieldnow.com,right-center,high,usa,tv station,medium traffic,high credibility
kbsi23.com,right-center,high,usa,tv station,minimal traffic,high credibility
fox4beaumont.com,right-center,high,usa,tv station,minimal traffic,high credibility
siouxlandnews.com,right-center,high,usa,tv station,minimal traffic,high credibility
kcby.com,right-center,high,usa,tv station,medium traffic,high credibility
abcstlouis.com,right-center,high,usa,tv station,medium traffic,high credibility
kdsm17.com,right-center,high,usa,tv station,minimal traffic,high credibility
nbcmontana.com,right-center,high,usa,tv station,medium traffic,high credibility
kentuckynewera.com,right-center,high,usa,newspaper,minimal traffic,high credibility
keprtv.com,right-center,high,usa,tv station,medium traffic,high credibility
kfdm.com,right-center,high,usa,tv station,medium traffic,high credibility
kfoxtv.com,right-center,high,usa,tv station,medium traffic,high credibility
cbs2iowa.com,right-center,high,usa,tv station,medium traffic,high credibility
foxnebraska.com,right-center,high,usa,tv station,minimal traffic,high credibility
khqa.com,right-center,high,usa,tv station,medium traffic,high credibility
kimatv.com,right-center,high,usa,tv station,medium traffic,high credibility
klewtv.com,right-center,high,usa,tv station,medium traffic,high credibility
kmph.com,right-center,high,usa,tv station,medium traffic,high credibility
nbc16.com,right-center,high,usa,tv station,medium traffic,high credibility
knewz.com,right-center,mixed,usa,website,medium traffic,medium credibility
okcfox.com,right-center,high,usa,tv station,medium traffic,high credibility
komonews.com,right-center,high,usa,tv station,high traffic,high credibility
fox42kptm.com,right-center,high,usa,tv station,minimal traffic,high credibility
krcgtv.com,right-center,high,usa,tv station,medium traffic,high credibility
mynews4.com,right-center,high,usa,tv station,medium traffic,high credibility
foxreno.com,right-center,high,usa,tv station,medium traffic,high credibility
fox38corpuschristi.com,right-center,high,usa,tv station,minimal traffic,high credibility
news3lv.com,right-center,high,usa,tv station,medium traffic,high credibility
ktul.com,right-center,high,usa,tv station,medium traffic,high credibility
ktvl.com,right-center,high,usa,tv station,medium traffic,high credibility
abc7amarillo.com,right-center,high,usa,tv station,medium traffic,high credibility
nebraska.tv,right-center,high,usa,tv station,medium traffic,high credibility
lagrangenews.com,right-center,high,usa,newspaper,minimal traffic,high credibility
nacion.com,right-center,mixed,costa rica,newspaper,high traffic,high credibility
lanacion.com.ar,right-center,high,argentina,newspaper,high traffic,high credibility
valleytimes-news.com,right-center,high,usa,newspaper,minimal traffic,high credibility
lpheralddispatch.com,right-center,high,usa,newspaper,minimal traffic,high credibility
leducrep.com,right-center,high,canada,newspaper,minimal traffic,high credibility
lefigaro.fr,right-center,high,france,newspaper,high traffic,high credibility
leicestermercury.co.uk,right-center,high,united kingdom,newspaper,high traffic,high credibility
mycouriertribune.com,right-center,high,usa,newspaper,minimal traffic,high credibility
lbc.co.uk,right-center,mixed,united kingdom,radio station,medium traffic,medium credibility
standard.co.uk,right-center,mixed,united kingdom,newspaper,high traffic,high credibility
lowndessignal.com,right-center,high,usa,newspaper,minimal traffic,high credibility
luvernejournal.com,right-center,high,usa,newspaper,minimal traffic,high credibility
the-messenger.com,right-center,high,usa,newspaper,minimal traffic,high credibility
malaymail.com,right-center,mixed,malaysia,website,high traffic,high credibility
marginalrevolution.com,right-center,high,usa,website,medium traffic,high credibility
chronicle-tribune.com,right-center,high,usa,newspaper,minimal traffic,high credibility
marketwatch.com,right-center,high,usa,website,high traffic,high credibility
frontiersman.com,right-center,high,usa,newspaper,minimal traffic,high credibility
mayfield-messenger.com,right-center,high,usa,newspaper,minimal traffic,high credibility
meaww.com,right-center,mixed,india,website,high traffic,medium credibility
miamivalleytoday.com,right-center,high,usa,newspaper,minimal traffic,high credibility
mitchellrepublic.com,right-center,high,usa,newspaper,minimal traffic,high credibility
montrealgazette.com,right-center,high,canada,newspaper,high traffic,high credibility
moroccoworldnews.com,right-center,mixed,usa,website,medium traffic,medium credibility
m24.ru,right-center,mixed,russia,tv station,high traffic,medium credibility
mynorthwest.com,right-center,high,usa,website,medium traffic,high credibility
nationalinterest.org,right-center,high,usa,magazine,medium traffic,high credibility
nationalpost.com,right-center,high,canada,newspaper,high traffic,high credibility
thecouriertimes.com,right-center,high,usa,newspaper,minimal traffic,high credibility
observer.com,right-center,high,usa,website,medium traffic,high credibility
nypost.com,right-center,mixed,usa,newspaper,high traffic,medium credibility
news.com.au,right-center,mixed,australia,website,high traffic,high credibility
newsweek.com,right-center,mixed,usa,magazine,high traffic,high credibility
nhk.or.jp,right-center,high,japan,tv station,high traffic,high credibility
nine.com.au,right-center,high,australia,website,high traffic,high credibility
nwaonline.com,right-center,high,usa,website,medium traffic,high credibility
northwestsignal.net,right-center,high,usa,newspaper,minimal traffic,high credibility
nowentertainment.net,right-center,high,usa,website,minimal traffic,high credibility
oaoa.com,right-center,high,usa,newspaper,minimal traffic,high credibility
oilprice.com,right-center,mixed,united kingdom,website,high traffic,high credibility
opposingviews.com,right-center,mixed,usa,website,minimal traffic,medium credibility
messenger-inquirer.com,right-center,high,usa,newspaper,medium traffic,high credibility
paducahsun.com,right-center,high,usa,newspaper,minimal traffic,high credibility
paragoulddailypress.com,right-center,high,usa,newspaper,minimal traffic,high credibility
newsandsentinel.com,right-center,high,usa,newspaper,minimal traffic,high credibility
parkrapidsenterprise.com,right-center,high,usa,newspaper,minimal traffic,high credibility
prrecordgazette.com,right-center,high,canada,newspaper,minimal traffic,high credibility
perutribune.com,right-center,high,usa,newspaper,minimal traffic,high credibility
pinchercreekecho.com,right-center,high,canada,newspaper,minimal traffic,high credibility
mydailyregister.com,right-center,high,usa,newspaper,minimal traffic,high credibility
mydailysentinel.com,right-center,high,usa,newspaper,minimal traffic,high credibility
portsmouth-dailytimes.com,right-center,high,usa,newspaper,minimal traffic,high credibility
prime9ja.com.ng,neutral,mixed,nigeria,website,minimal traffic,medium credibility
pdclarion.com,right-center,high,usa,newspaper,minimal traffic,high credibility
rasmussenreports.com,right-center,high,usa,organization/foundation,medium traffic,high credibility
realclearmarkets.com,right-center,mixed,usa,website,medium traffic,high credibility
realclearpolitics.com,right-center,mixed,usa,website,high traffic,high credibility
reason.com,right-center,high,usa,magazine,medium traffic,high credibility
rochsent.com,right-center,high,usa,newspaper,minimal traffic,high credibility
couriernews.com,right-center,high,usa,newspaper,minimal traffic,high credibility
scoperatings.com,right-center,mixed,germany,organization/foundation,minimal traffic,high credibility
thedailycitizen.com,right-center,high,usa,newspaper,minimal traffic,high credibility
selmatimesjournal.com,right-center,high,usa,newspaper,minimal traffic,high credibility
shelbynews.com,right-center,high,usa,newspaper,minimal traffic,high credibility
sprucegroveexaminer.com,right-center,high,canada,newspaper,minimal traffic,high credibility
tabletmag.com,right-center,mixed,usa,magazine,medium traffic,high credibility
tallasseetribune.com,right-center,high,usa,newspaper,minimal traffic,high credibility
taxfoundation.org,right-center,high,usa,organization/foundation,medium traffic,high credibility
theamericanconservative.com,right-center,mixed,usa,magazine,medium traffic,high credibility
theaustralian.com.au,right-center,mixed,australia,newspaper,high traffic,medium credibility
thebulwark.com,right-center,high,usa,website,medium traffic,high credibility
chosun.com,right-center,mixed,south korea,newspaper,high traffic,medium credibility
thedickinsonpress.com,right-center,high,usa,newspaper,minimal traffic,high credibility
thedispatch.com,right-center,high,usa,website,medium traffic,high credibility
elkharttruth.com,right-center,high,usa,newspaper,minimal traffic,high credibility
theglobeandmail.com,right-center,high,canada,newspaper,high traffic,high credibility
thenews.com.pk,right-center,mixed,pakistan,newspaper,high traffic,medium credibility
theobjectivestandard.com,right-center,high,usa,website,minimal traffic,high credibility
oklahoman.com,right-center,high,usa,newspaper,medium traffic,high credibility
pantagraph.com,right-center,high,usa,newspaper,medium traffic,high credibility
post-journal.com,right-center,high,usa,newspaper,medium traffic,high credibility
pe.com,right-center,high,usa,newspaper,medium traffic,high credibility
tribtown.com,right-center,high,usa,newspaper,medium traffic,high credibility
spectator.co.uk,right-center,mixed,united kingdom,magazine,medium traffic,high credibility
spectator.us,right-center,mixed,usa,website,medium traffic,high credibility
spectatorworld.com,right-center,mixed,united kingdom,magazine,minimal traffic,high credibility
standardmedia.co.ke,right-center,mixed,kenya,newspaper,high traffic,medium credibility
straitstimes.com,right-center,mixed,singapore,newspaper,high traffic,high credibility
thestreet.com,right-center,high,usa,website,high traffic,high credibility
theitem.com,right-center,high,usa,newspaper,minimal traffic,high credibility
thetimesherald.com,right-center,high,usa,newspaper,medium traffic,high credibility
indiatimes.com,right-center,mixed,india,website,high traffic,medium credibility
thetimes.co.uk,right-center,high,united kingdom,newspaper,high traffic,high credibility
washingtoninstitute.org,right-center,mixed,usa,organization/foundation,medium traffic,medium credibility
thewest.com.au,right-center,high,australia,newspaper,medium traffic,high credibility
winchesterstar.com,right-center,high,usa,newspaper,minimal traffic,high credibility
yomiuri.co.jp,right-center,high,japan,newspaper,high traffic,high credibility
times-georgian.com,right-center,high,usa,newspaper,minimal traffic,high credibility
tnonline.com,right-center,high,usa,newspaper,medium traffic,high credibility
timeslive.co.za,right-center,mixed,south africa,newspaper,high traffic,high credibility
thenationaldesk.com,right-center,high,usa,tv station/website,medium traffic,high credibility
toledoblade.com,right-center,high,usa,newspaper,medium traffic,high credibility
tovima.gr,right-center,mixed,greece,newspaper,high traffic,medium credibility
transparentcalifornia.com,right-center,mixed,usa,organization/foundation,medium traffic,high credibility
tribunnews.com,right-center,mixed,indonesia,website,high traffic,medium credibility
troymessenger.com,right-center,high,usa,newspaper,minimal traffic,high credibility
tulsaworld.com,right-center,high,usa,newspaper,medium traffic,high credibility
tylerpaper.com,right-center,high,usa,newspaper,medium traffic,high credibility
unherd.com,right-center,mixed,united states,website,high traffic,high credibility
valuewalk.com,right-center,mixed,usa,website,medium traffic,high credibility
vancouversun.com,right-center,high,canada,newspaper,high traffic,high credibility
vaticannews.va,right-center,high,italy (vatican city),radio station/website,high traffic,high credibility
villages-news.com,right-center,high,usa,website,medium traffic,high credibility
suncommercial.com,right-center,high,usa,newspaper,minimal traffic,high credibility
wabashplaindealer.com,right-center,high,usa,newspaper,minimal traffic,high credibility
wach.com,right-center,high,usa,tv station,medium traffic,high credibility
wsj.com,right-center,mixed,usa,newspaper,high traffic,high credibility
recordherald.com,right-center,high,usa,newspaper,minimal traffic,high credibility
thecentersquare.com,right-center,mixed,usa,organization/foundation,medium traffic,high credibility
rep-am.com,right-center,high,usa,newspaper,medium traffic,high credibility
foxbaltimore.com,right-center,high,usa,tv station,medium traffic,high credibility
abc3340.com,right-center,high,usa,tv station,medium traffic,high credibility
wchstv.com,right-center,high,usa,tv station,medium traffic,high credibility
abcnews4.com,right-center,high,usa,tv station,medium traffic,high credibility
wcti12.com,right-center,high,usa,tv station,medium traffic,high credibility
foxlexington.com,right-center,high,usa,tv station,minimal traffic,high credibility
weartv.com,right-center,high,usa,tv station,medium traffic,high credibility
wctrib.com,right-center,high,usa,newspaper,medium traffic,high credibility
nbc25news.com,right-center,high,usa,tv station,minimal traffic,high credibility
wfxl.com,right-center,high,usa,tv station,medium traffic,high credibility
wgme.com,right-center,high,usa,tv station,medium traffic,high credibility
upnorthlive.com,right-center,high,usa,tv station,medium traffic,high credibility
wgxa.tv,right-center,high,usa,tv station,medium traffic,high credibility
13wham.com,right-center,high,usa,tv station,medium traffic,high credibility
local21news.com,right-center,high,usa,tv station,medium traffic,high credibility
newschannel20.com,right-center,high,usa,tv station,medium traffic,high credibility
sungazette.com,right-center,high,usa,newspaper,medium traffic,high credibility
news-herald.com,right-center,high,usa,newspaper,medium traffic,high credibility
wnewsj.com,right-center,high,usa,newspaper,minimal traffic,high credibility
winchestersun.com,right-center,high,usa,newspaper,minimal traffic,high credibility
windsorstar.com,right-center,high,canada,newspaper,medium traffic,high credibility
wjactv.com,right-center,high,usa,tv station,medium traffic,high credibility
turnto10.com,right-center,high,usa,tv station,medium traffic,high credibility
wjla.com,right-center,high,usa,tv station,medium traffic,high credibility
local12.com,right-center,high,usa,tv station,minimal traffic,high credibility
wlos.com,right-center,high,usa,tv station,medium traffic,high credibility
fox11online.com,right-center,high,usa,tv station,medium traffic,high credibility
mycbs4.com,right-center,high,usa,tv station,minimal traffic,high credibility
nbc24.com,right-center,high,usa,tv station,medium traffic,high credibility
news4sanantonio.com,right-center,high,usa,tv station,medium traffic,high credibility
fox56.com,right-center,high,usa,tv station,minimal traffic,high credibility
dglobe.com,right-center,high,usa,newspaper,medium traffic,high credibility
wpde.com,right-center,high,usa,tv station,medium traffic,high credibility
cbs12.com,right-center,high,usa,tv station,medium traffic,high credibility
fox23maine.com,right-center,high,usa,tv station,medium traffic,high credibility
wpgh53.com,right-center,high,usa,tv station,minimal traffic,high credibility
mynbc15.com,right-center,high,usa,tv station,medium traffic,high credibility
dayton247now.com,right-center,high,usa,tv station,medium traffic,high credibility
foxrichmond.com,right-center,high,usa,tv station,minimal traffic,high credibility
wsbt.com,right-center,high,usa,tv station,medium traffic,high credibility
wset.com,right-center,high,usa,tv station,medium traffic,high credibility
cnycentral.com,right-center,high,usa,tv station,medium traffic,high credibility
fox28media.com,right-center,high,usa,tv station,medium traffic,high credibility
wtov9.com,right-center,high,usa,tv station,medium traffic,high credibility
myfox28columbus.com,right-center,high,usa,tv station,minimal traffic,high credibility
newschannel9.com,right-center,high,usa,tv station,medium traffic,high credibility
foxchattanooga.com,right-center,high,usa,tv station,medium traffic,high credibility
wtwc40.com,right-center,high,usa,tv station,minimal traffic,high credibility
foxrochester.com,right-center,high,usa,tv station,minimal traffic,high credibility
wutv29.com,right-center,high,usa,tv station,minimal traffic,high credibility
wvah.com,right-center,high,usa,tv station,minimal traffic,high credibility
wcyb.com,right-center,high,usa,tv station,medium traffic,high credibility
fox17.com,right-center,high,usa,tv station,medium traffic,high credibility
xeniagazette.com,right-center,high,usa,newspaper,minimal traffic,high credibility
yankeeinstitute.org,right-center,high,usa,organization/foundation,minimal traffic,high credibility
yna.co.kr,right-center,mixed,south korea,news agency,high traffic,high credibility
zebrafactcheck.com,right-center,high,usa,website,minimal traffic,high credibility
2ndvote.com,right,mixed,usa,organization/foundation,minimal traffic,medium credibility
abort73.com,right,mixed,usa,organization/foundation,minimal traffic,medium credibility
academia.org,right,mixed,usa,organization/foundation,minimal traffic,medium credibility
aim.org,right,mixed,usa,organization/foundation,minimal traffic,low credibility
acton.org,right,mixed,usa,organization/foundation,minimal traffic,medium credibility
ac2news.com,right,mixed,usa,website,minimal traffic,medium credibility
aish.com,right,mixed,usa,organization/foundation,medium traffic,medium credibility
albertapressleader.ca,right,mixed,canada,website,minimal traffic,medium credibility
amac.us,right,mixed,usa,organization/foundation,medium traffic,medium credibility
a1apac.org,right,mixed,usa,organization/foundation,minimal traffic,medium credibility
americarisingpac.org,right,mixed,usa,organization/foundation,minimal traffic,medium credibility
aclj.org,right,mixed,usa,organization/foundation,medium traffic,medium credibility
americanconsequences.com,right,mixed,usa,website,minimal traffic,low credibility
conservative.org,right,mixed,usa,organization/foundation,medium traffic,medium credibility
aei.org,right,mixed,usa,organization/foundation,medium traffic,medium credibility
americansforprosperity.org,right,mixed,usa,organization/foundation,minimal traffic,low credibility
afpc.org,right,mixed,usa,organization/foundation,minimal traffic,medium credibility
amgreatness.com,right,mixed,usa,website,medium traffic,medium credibility
americanjournaldaily.com,right,mixed,usa,website,medium traffic,medium credibility
alec.org,right,mixed,usa,organization/foundation,minimal traffic,medium credibility
spectator.org,right,mixed,usa,website,medium traffic,medium credibility
amimagazine.org,right,mixed,usa,magazine,minimal traffic,medium credibility
ammoland.com,right,mixed,usa,website,medium traffic,high credibility
aa.com.tr,right,mixed,turkey,news agency,high traffic,medium credibility
arizonadailyindependent.com,right,mixed,usa,website,minimal traffic,medium credibility
armstrongeconomics.com,right,mixed,usa,website,medium traffic,medium credibility
asianews.it,right,mixed,italy,news agency,medium traffic,medium credibility
aina.org,right,mixed,usa,website,minimal traffic,medium credibility
badgerinstitute.org,right,mixed,usa,organization/foundation,minimal traffic,medium credibility
bearingarms.com,right,mixed,usa,website,medium traffic,medium credibility
beliefnet.com,right,mixed,usa,website,medium traffic,medium credibility
blabber.buzz,right,mixed,usa,website,medium traffic,medium credibility
policetribune.com,right,mixed,usa,website,medium traffic,medium credibility
boundingintocomics.com,right,mixed,usa,website,medium traffic,medium credibility
brownstone.org,right,mixed,usa,organization/foundation,medium traffic,medium credibility
c2cjournal.ca,right,mixed,canada,magazine,minimal traffic,medium credibility
calgarysun.com,right-center,mixed,canada,newspaper,high traffic,high credibility
campaignlifecoalition.com,right,mixed,canada,organization/foundation,minimal traffic,medium credibility
campusreform.org,right,mixed,usa,organization/foundation,medium traffic,medium credibility
capitalresearch.org,right,mixed,usa,organization/foundation,minimal traffic,medium credibility
freedomandprosperity.org,right,mixed,usa,organization,minimal traffic,medium credibility
americanexperiment.org,right,mixed,usa,organization/foundation,minimal traffic,low credibility
chicksonright.com,right,mixed,usa,radio station/website,medium traffic,medium credibility
cc.org,right,mixed,usa,organization/foundation,minimal traffic,medium credibility
christianheadlines.com,right,mixed,usa,website,medium traffic,medium credibility
christiannewsalerts.com,right,mixed,usa,website,minimal traffic,medium credibility
christianpost.com,right,mixed,usa,website,medium traffic,medium credibility
christiantoday.com,right,mixed,united kingdom,website,medium traffic,medium credibility
chroniclesmagazine.org,right,mixed,usa,magazine,minimal traffic,medium credibility
citizenfreepress.com,right,mixed,usa,website,high traffic,medium credibility
cagw.org,right,mixed,usa,organization/foundation,minimal traffic,medium credibility
citizensunited.org,right,mixed,usa,organization/foundation,minimal traffic,medium credibility
city-journal.org,right,mixed,usa,magazine,medium traffic,high credibility
nccivitas.org,right,mixed,usa,organization/foundation,minimal traffic,medium credibility
claremont.org,right,mixed,usa,organization/foundation,minimal traffic,medium credibility
commentarymagazine.com,right,mixed,usa,magazine,medium traffic,medium credibility
conservativebrief.com,right,mixed,usa,website,high traffic,high credibility
conservativefighters.co,right,mixed,usa,tv station,high traffic,medium credibility
conservativehome.com,right-center,high,united kingdom,website,medium traffic,high credibility
conservativehq.org,right,mixed,usa,website,minimal traffic,medium credibility
conservativeinstitute.org,right,mixed,usa,website,high traffic,high credibility
conservativeopinion.com,right,mixed,usa,website,minimal traffic,medium credibility
cpi.org,right,mixed,usa,organization/ foundation,minimal traffic,medium credibility
conservativereview.com,right,mixed,usa,website,medium traffic,medium credibility
crimeresearch.org,right,mixed,usa,organization/foundation,minimal traffic,medium credibility
crisismagazine.com,right,mixed,usa,website,medium traffic,medium credibility
dailycaller.com,right,mixed,usa,website,high traffic,medium credibility
express.co.uk,right,mixed,united kingdom,newspaper,hightraffic,medium credibility
dailysignal.com,right,mixed,usa,website,medium traffic,high credibility
telegraph.co.uk,right,mixed,united kingdom,newspaper,high traffic,medium credibility
dcenquirer.com,right,mixed,usa,website,medium traffic,medium credibility
dailytorch.com,right,high,usa,organization/foundation,minimal traffic,high credibility
dennismichaellynch.com,right,mixed,usa,website,medium traffic,medium credibility
telegraaf.nl,right,mixed,netherlands,newspaper,high traffic,high credibility
disrn.com,right,mixed,usa,website,medium traffic,medium credibility
teamdml.com,right,mixed,usa,website,minimal traffic,medium credibility
donaldjtrump.com,right,low,usa,organization/foundation,medium traffic,low credibility
epnewsleader.com,right,mixed,usa,website,minimal traffic,medium credibility
economicpolicyjournal.com,right,high,usa,website,minimal traffic,high credibility
egypttoday.com,right,mixed,egypt,magazine,medium traffic,medium credibility
energycitizens.org,right,mixed,usa,organization/foundation,minimal traffic,medium credibility
eppc.org,right,mixed,usa,organization/foundation,minimal traffic,medium credibility
erlc.com,right,mixed,usa,organization/foundation,minimal traffic,medium credibility
explainamerica.com,right,mixed,usa,website,minimal traffic,medium credibility
factsandlogic.org,right,mixed,usa,website,minimal traffic,medium credibility
faithwire.com,right,mixed,usa,website,minimal traffic,medium credibility
fakehatecrimes.org,right,mixed,usa,website,minimal traffic,medium credibility
fedsoc.org,right,mixed,usa,organization/foundation,minimal traffic,medium credibility
firstthings.com,right,mixed,usa,magazine,medium traffic,medium credibility
floridadaily.com,right,mixed,usa,website,minimal traffic,medium credibility
fdd.org,right,high,usa,organization/foundation,minimaltraffic,high credibility
freerepublic.com,right,mixed,usa,website,medium traffic,medium credibility
freedomworks.org,right-center,mixed,usa,organization/foundation,minimal traffic,medium credibility
ff.org,right,mixed,usa,organization/foundation,minimal traffic,medium credibility
fff.org,right,mixed,usa,organization/foundation,medium traffic,medium credibility
getreligion.org,right,mixed,usa,website,minimal traffic,medium credibility
g-a-i.org,right,mixed,usa,organization/foundation,minimal traffic,low credibility
grabien.com,right,mixed,usa,website,minimal traffic,medium credibility
order-order.com,right,mixed,united kingdom,website,medium traffic,medium credibility
heritage.org,right,mixed,usa,organization/foundation,medium traffic,medium credibility
hotair.com,right,mixed,usa,website,high traffic,high credibility
hudson.org,right,high,usa,organization/foundation,minimal traffic,high credibility
humanevents.com,right,mixed,usa,website,medium traffic,medium credibility
hurriyet.com.tr,right,mixed,turkey,newspaper,high traffic,medium credibility
ibleedredwhiteblue.com,right,mixed,usa,website,minimal traffic,medium credibility
illinoispolicy.org,right,mixed,usa,organization/foundation,medium traffic,high credibility
hillsdale.edu,right,mixed,usa,organization/foundation,minimal traffic,medium credibility
ijr.com,right,mixed,usa,website,medium traffic,high credibility
iwf.org,right,mixed,usa,organization/foundation,minimal traffic,medium credibility
influencewatch.org,right,high,usa,organization/foundation,medium traffic,high credibility
issuesinsights.com,right,mixed,usa,website,medium traffic,medium credibility
jewishpolicycenter.org,right,high,usa,organization/foundation,minimal traffic,high credibility
krone.at,right,mixed,usa,newspaper,high traffic,high credibility
latestly.com,right,mixed,india,website,high traffic,medium credibility
lawliberty.org,right,high,usa,organization/foundation,medium traffic,high credibility
lawenforcementtoday.com,right,mixed,usa,website,medium traffic,medium credibility
journaldemontreal.com,right,mixed,canada,newspaper,high traffic,high credibility
mediacircus.com,right,mixed,usa,website,minimal traffic,low credibility
mrc.org,right,mixed,usa,organization/foundation,minimal traffic,medium credibility
mediarightnews.com,right,mixed,usa,website,minimal traffic,medium credibility
mercatornet.com,right,mixed,australia,website,medium traffic,medium credibility
milliyet.com.tr,right,mixed,turkey,newspaper,high traffic,medium credibility
mises.org,right,mixed,usa,organization/foundation,medium traffic,medium credibility
ncregister.com,right,mixed,usa,newspaper,high traffic,medium credibility
nationalcenter.org,right,mixed,usa,organization/foundation,minimal traffic,medium credibility
nfrw.org,right,mixed,usa,organization/foundation,medium traffic,medium credibility
newbostonpost.com,right,mixed,usa,website,minimal traffic,medium credibility
newsbusters.org,right,mixed,usa,organization/foundation,medium traffic,medium credibility
newspageindex.com,right,mixed,usa,organization/foundation,medium traffic,medium credibility
nysun.com,right,high,usa,website,medium traffic,high credibility
ngo-monitor.org,right,mixed,israel,organization/foundation,minimal traffic,medium credibility
notthebee.com,right,high,usa,website,high traffic,high credibility
offgridsurvival.com,right,mixed,usa,website,minimal traffic,medium credibility
oneangrygamer.net,right,mixed,usa,website,minimal traffic,medium credibility
opslens.com,right,mixed,usa,website,minimal traffic,medium credibility
outkick.com,right-center,mixed,usa,website,high traffic,medium credibility
pantsonfirenews.com,right,mixed,usa,website,minimal traffic,low credibility
quadrant.org.au,right,mixed,australia,magazine,minimal traffic,low credibility
rd.com,right,mixed,usa,magazine,high traffic,medium credibility
americasvoice.news,right,mixed,usa,tv station/website,high traffic,medium credibility
redstate.com,right,mixed,usa,website,high traffic,medium credibility
rightandfree.com,right,mixed,usa,website,minimal traffic,medium credibility
ronpaullibertyreport.com,right,mixed,usa,website,minimal traffic,medium credibility
sabah.com.tr,right,mixed,turkey,newspaper,high traffic,medium credibility
newspress.com,right,mixed,usa,newspaper,medium traffic,medium credibility
shorenewsnetwork.com,right,mixed,usa,website,minimal traffic,medium credibility
skynews.com.au,right,mixed,australia,tv station,high traffic,medium credibility
sonorannews.com,right,mixed,usa,newspaper,minimal traffic,medium credibility
sonsof1776.com,right,mixed,usa,website,minimal traffic,medium credibility
tampafp.com,right,mixed,usa,website,medium traffic,medium credibility
tatumreport.com,right,mixed,usa,website,medium traffic,medium credibility
tenthamendmentcenter.com,right,mixed,usa,organization/foundation,minimal traffic,medium credibility
adelaidenow.com.au,right,mixed,australia,newspaper,high traffic,medium credibility
americafirstpolicy.com,right,mixed,usa,organization/foundation,minimal traffic,medium credibility
dailytelegraph.com.au,right,mixed,australia,newspaper,high traffic,medium credibility
dailywire.com,right,mixed,usa,website,high traffic,medium credibility
thefirsttv.com,right,mixed,usa,website/tv,medium traffic,medium credibility
theflstandard.com,right,mixed,usa,website,minimal traffic,medium credibility
thegreggjarrett.com,right,mixed,usa,website,minimal traffic,medium credibility
thehonestpatriot.net,right,mixed,usa,website,minimal traffic,medium credibility
theleoterrell.com,right,mixed,usa,website,medium traffic,medium credibility
econlib.org,right,mixed,usa,organization/foundation,minimal traffic,medium credibility
thenationalherald.com,right,mixed,usa,newspaper,minimal traffic,medium credibility
thenewamerican.com,right,mixed,usa,magazine,medium traffic,medium credibility
patriotpost.us,right,mixed,usa,website,medium traffic,high credibility
thepostmillennial.com,right,mixed,canada,website,medium traffic,medium credibility
thestar.com,right,mixed,canada,newspaper,minimal traffic,high credibility
thesun.co.uk,right,mixed,united kingdom,newspaper,high traffic,medium credibility
thetexan.news,right,mixed,usa,website,medium traffic,high credibility
thetruthaboutguns.com,right,mixed,usa,website,medium traffic,high credibility
the-sun.com,right,mixed,usa,website,high traffic,medium credibility
timcast.com,right,mixed,usa,website,medium traffic,high credibility
torontosun.com,right,mixed,canada,newspaper,high traffic,high credibility
mydailyfreedom.com,right,mixed,usa,website,minimal traffic,medium credibility
tnc.news,right,mixed,canada,organization/foundation,medium traffic,medium credibility
trtworld.com,right,mixed,turkey,tv station,medium traffic,medium credibility
twitchy.com,right,mixed,usa,website,high traffic,medium credibility
unwatch.org,right,mixed,switzerland,organization/foundation,medium traffic,high credibility
valuetainment.com,right,mixed,usa,website,medium traffic,medium credibility
washingtonexaminer.com,right,mixed,usa,newspaper,medium traffic,medium credibility
freebeacon.com,right,mixed,usa,website,medium traffic,medium credibility
watchdogreport.org,right,mixed,usa,website,minimal traffic,medium credibility
weaselzippers.us,right,mixed,usa,website,medium traffic,medium credibility
westernstandard.news,right,mixed,canada,website,medium traffic,medium credibility
wikiislam.net,right,mixed,usa,website,medium traffic,medium credibility
wng.org,right,mixed,usa,magazine,medium traffic,medium credibility
yellowhammernews.com,right,high,usa,website,minimal traffic,high credibility
yaf.org,right,mixed,usa,organization/foundation,high traffic,medium credibility
freeworldnews.tv,right,low,usa,website,medium traffic,low credibility
21stcenturywire.com,right,mixed,usa,website,medium traffic,low credibility
79days.news,right,low,usa,website,high traffic,low credibility
911truth.org,right,low,usa,website,minimal traffic,low credibility
abovetopsecret.com,right,low,usa,website,medium traffic,low credibility
acallforanuprising.com,right,low,usa,website,medium traffic,low credibility
ageofautism.com,right,low,usa,organization/foundation,minimal traffic,low credibility
amtvmedia.com,right,low,usa,website,minimal traffic,low credibility
alternativenews.com,right,low,usa,website,minimal traffic,low credibility
altleft.news,right,low,usa,website,minimal traffic,low credibility
americanfreepress.net,right,low,usa,website,minimal traffic,low credibility
aim4truth.org,right,low,usa,website station,minimal traffic,low credibility
amg-news.com,right,low,romania,website,medium traffic,low credibility
americanpolicy.org,right,low,usa,organization/foundation,minimal traffic,low credibility
americasfrontlinedoctors.com,right,low,usa,website,medium traffic,low credibility
answersingenesis.org,right,low,usa,organization/foundation,medium traffic,low credibility
askingangels.com,right,low,australia,website,minimal traffic,low credibility
australiannationalreview.com,right,low,australia,website,minimal traffic,low credibility
banned.video,right,low,usa,website,medium traffic,low credibility
beholdisrael.org,right,mixed,israel,website,minimal traffic,low credibility
bestnewshere.com,right,low,macedonia,website,medium traffic,low credibility
biggovernment.news,right,low,usa,website,minimal traffic,low credibility
biodefense.com,right,low,usa,website,minimal traffic,low credibility
biotechexpressmag.com,right,low,india,magazine,minimal traffic,low credibility
blckbx.tv,right,low,netherlands,website,medium traffic,low credibility
bonsens.info,right,low,france,organization/foundation,medium traffic,low credibility
brandnewtube.com,right,low,united kingdom,website/video service,high traffic,low credibility
brighteon.com,right,low,usa,website,high traffic,low credibility
bugout.news,right,low,usa,website,minimal traffic,low credibility
campusinsanity.com,right,low,usa,website,minimal traffic,low credibility
cancer.news,right,low,usa,website,minimal traffic,low credibility
catholic.org,right,mixed,usa,website,medium traffic,low credibility
childrenshealthdefense.org,right,low,usa,organization/foundation,medium traffic,low credibility
chlorellafactor.com,right,low,usa,website,minimal traffic,low credibility
carm.org,right,low,usa,organization/foundation,medium traffic,low credibility
cbn.com,right,mixed,usa,tv station,high traffic,low credibility
creation.com,right,low,australia,organization/foundation,medium traffic,low credibility
christianscience.com,right,low,usa,organization/foundation,medium traffic,low credibility
legitgov.org,right,mixed,usa,organization/foundation,minimal traffic,low credibility
climatedepot.com,right,mixed,usa,organization/foundation,minimal traffic,low credibility
climate.news,right,low,usa,website,minimal traffic,low credibility
cnnsofake.news,right,low,usa,website,minimal traffic,low credibility
collapse.news,right,low,usa,website,minimal traffic,low credibility
cfact.org,right,low,usa,organization/foundation,minimal traffic,low credibility
consciouslifenews.com,left,mixed,usa,website,minimal traffic,low credibility
conspiracydailyupdate.com,right,low,usa,website,minimal traffic,low credibility
consumerwellness.org,right,low,usa,website,minimal traffic,low credibility
counterthink.com,right,low,usa,website,minimal traffic,low credibility
creationwiki.org,right,low,usa,website,minimal traffic,low credibility
dailyclout.io,right,low,usa,website,minimal traffic,low credibility
dailysceptic.org,right,low,united kingdom,website,medium traffic,low credibility
diedsuddenly.info,right,low,usa,website/documentary,medium traffic,low credibility
discovery.org,right,low,usa,website,minimal traffic,low credibility
doctoroz.com,right,mixed,usa,website,medium traffic,low credibility
ecology.news,right,low,usa,website,minimal traffic,low credibility
eluxemagazine.com,left,mixed,united kingdom,magazine,medium traffic,low credibility
ewg.org,left,mixed,usa,organization/foundation,medium traffic,low credibility
escapeallthesethings.com,right,low,usa,website,minimal traffic,low credibility
eugenics.news,right,low,usa,website,minimal traffic,low credibility
europereloaded.com,right,low,usa,website,minimal traffic,low credibility
faithit.com,right,mixed,usa,website,minimal traffic,low credibility
food.news,right,low,usa,website,minimal traffic,low credibility
thefreethoughtproject.com,left,low,usa,website,medium traffic,low credibility
freedomadvocates.org,right,low,usa,website,minimal traffic,low credibility
freedomainradio.com,right,low,canada,website,minimal traffic,low credibility
freedom.news,right,low,usa,website,minimal traffic,low credibility
friendsofscience.org,right,mixed,canada,organization/foundation,minimal traffic,low credibility
covid19criticalcare.com,right,low,usa,organization/foundation,medium traffic,low credibility
gender.news,right,low,usa,website,minimal traffic,low credibility
geoengineering.news,right,low,usa,website,minimal traffic,low credibility
glitch.news,right,low,usa,website,minimal traffic,low credibility
gmwatch.org,left,mixed,united kingdom,organization/foundation,minimal traffic,low credibility
godlikeproductions.com,right,low,unknown,website,minimal traffic,low credibility
gotquestions.org,right,low,usa,organization/foundation,high traffic,low credibility
govtslaves.com,right,low,usa,website,minimal traffic,low credibility
greenpeace.org,left,mixed,netherlands,organization/foundation,medium traffic,low credibility
healingfoodreference.com,right,low,usa,website,minimal traffic,low credibility
healthimpactnews.com,right,low,usa,website,medium traffic,low credibility
health.news,right,low,usa,website,minimal traffic,low credibility
healthnutnews.com,right,low,usa,website,minimal traffic,low credibility
healthrangerreport.com,right,low,usa,website,minimal traffic,low credibility
savethemales.ca,right,low,canada,website,minimal traffic,low credibility
herbreference.com,right,low,usa,website,minimal traffic,low credibility
humansarefree.com,right,low,usa,website,minimal traffic,low credibility
infiniteunknown.net,right,low,unknown,website,minimal traffic,low credibility
informationclearinghouse.info,left,mixed,usa,website,minimal traffic,low credibility
infowars.com,right,low,usa,tv station,high traffic,low credibility
ingredients.news,right,low,usa,website,minimal traffic,low credibility
theirishsentinel.com,right,low,ireland,website,minimal traffic,low credibility
israel365news.com,right,mixed,israel,website,medium traffic,low credibility
joebiden.news,right,low,usa,website,minimal traffic,low credibility
leftcult.com,right,low,usa,website,minimal traffic,low credibility
lesmoutonsrebelles.com,right,low,france,website,minimal traffic,low credibility
liberty.news,right,low,usa,website,minimal traffic,low credibility
libertyplanets.com,right,low,usa,website,minimal traffic,low credibility
libtards.news,right,low,usa,website,minimal traffic,low credibility
littlethings.com,left,mixed,usa,website,medium traffic,low credibility
liveaction.org,right,mixed,usa,organization/foundation,medium traffic,low credibility
medicalcensorship.com,right,low,usa,website,minimal traffic,low credibility
medicalkidnap.com,right,low,usa,website,medium traffic,low credibility
nationalfile.com,right,low,usa,website,medium traffic,low credibility
nationalsecurity.news,right,low,usa,website,minimal traffic,low credibility
naturalmedicine.news,right,low,usa,website,minimal traffic,low credibility
naturalnews.com,right,low,usa,website,medium traffic,low credibility
naturalnewsblogs.com,right,low,usa,website,minimal traffic,low credibility
naturalnewsradio.com,right,low,usa,website,minimal traffic,low credibility
naturalpedia.com,right,low,usa,website,minimal traffic,low credibility
nomorefakenews.com,right,low,usa,website,minimal traffic,low credibility
notrickszone.com,right,low,germany,website,minimal traffic,low credibility
nutrientreference.com,right,low,usa,website,minimal traffic,low credibility
pandemic.news,right,low,usa,website,minimal traffic,low credibility
patriots4truth.org,right,low,usa,website,minimal traffic,low credibility
paulcraigroberts.org,right,low,usa,website,minimal traffic,low credibility
peta.org,left,mixed,usa,organization/foundation,medium traffic,low credibility
pollution.news,right,low,usa,website,minimal traffic,low credibility
pressfortruth.ca,right,mixed,canada,website,minimal traffic,low credibility
principia-scientific.org,right,low,united kingdom,website,minimal traffic,low credibility
pdmj.org,right,low,usa,website,minimal traffic,low credibility
randpaul.news,right,low,usa,website,minimal traffic,low credibility
realclimatescience.com,right,low,usa,website,minimal traffic,low credibility
redpillpodcasts.com,right,low,usa,website,minimal traffic,low credibility
science.news,right,low,usa,website,minimal traffic,low credibility
snopes.news,right,low,usa,website,minimal traffic,low credibility
southfront.org,right,low,russia,website,medium traffic,low credibility
supplementreference.com,right,low,usa,website,minimal traffic,low credibility
talknetwork.com,right,low,usa,website,minimal traffic,low credibility
technocracy.news,right,low,usa,website,medium traffic,low credibility
healthranger.com,right,low,usa,website,minimal traffic,low credibility
thehealthyamerican.org,right,low,usa,website,minimal traffic,low credibility
newnationalist.net,right,low,usa,website,minimal traffic,low credibility
stream.org,right,mixed,usa,organization/foundation,medium traffic,low credibility
thetrumpet.com,right,mixed,usa,magazine,medium traffic,low credibility
thetruthaboutcancer.com,right,low,usa,website,medium traffic,low credibility
thoughtcrimeradio.net,right,low,usa,website,minimal traffic,low credibility
thriveglobal.com,left,mixed,usa,website,medium traffic,low credibility
treason.news,right,low,usa,website,minimal traffic,low credibility
trunews.com,right,low,usa,website,minimal traffic,low credibility
truth11.com,right,low,unknown,website,minimal traffic,low credibility
twisted.news,right,low,usa,website,minimal traffic,low credibility
ukcolumn.org,right,low,united kingdom,newspaper,medium traffic,low credibility
usawatchdog.com,right,low,usa,website,medium traffic,low credibility
vaccineimpact.com,right,low,usa,website,medium traffic,low credibility
vaccines.news,right,low,usa,website,minimal traffic,low credibility
vactruth.com,right,low,usa,website,minimal traffic,low credibility
vaxxter.com,right,low,usa,website,minimal traffic,low credibility
vigilantcitizen.com,right,low,usa,website,medium traffic,low credibility
votefraud.news,right,low,usa,website,minimal traffic,low credibility
wearechange.org,right,mixed,usa,website,minimal traffic,low credibility
whatdoesitmean.com,right,low,unknown,website,medium traffic,low credibility
whitehouse.news,right,low,usa,website,minimal traffic,low credibility
wikispooks.com,right,mixed,unknown,website,minimal traffic,low credibility
winterwatch.net,right,low,usa,website,minimal traffic,low credibility
worldaffairsbrief.com,right,low,usa,website,minimal traffic,low credibility
worldcouncilforhealth.org,right,low,united kingdom,organization/foundation,medium traffic,low credibility
worldtruth.tv,right,low,usa,website,minimal traffic,low credibility
worldviewweekend.com,right,low,usa,website,minimal traffic,low credibility
x22report.com,right,low,usa,website,medium traffic,low credibility
zerohedge.com,right,low,bulgaria,website,high traffic,low credibility
secondamendmentdaily.com,right,low,usa,website,minimal traffic,low credibility
100percentfedup.com,right,low,usa,website,medium traffic,low credibility
24jours.com,right-center,low,cameroon,website,minimal traffic,low credibility
us24news.com,right,low,usa,website,minimal traffic,low credibility
avoiceformen.com,right,low,usa,website,minimal traffic,low credibility
acting-man.com,right,mixed,usa,website,minimal traffic,low credibility
elizabethjohnston.org,right,low,usa,website,minimal traffic,low credibility
adareporter.com,right-center,mixed,usa,website,minimal traffic,low credibility
adamscountytimes.com,right-center,mixed,usa,website,minimal traffic,low credibility
alarabiya.net,right-center,mixed,saudi arabia,tv station,high traffic,low credibility
albanystandard.com,right-center,mixed,usa,website,minimal traffic,low credibility
albawaba.com,right-center,mixed,jordan,website,medium traffic,low credibility
allnewspipeline.com,right-center,low,usa,website,medium traffic,low credibility
adflegal.org,right,low,usa,organization/foundation,medium traffic,low credibility
almanar.com.lb,right-center,mixed,lebanon,tv station,medium traffic,low credibility
almasdarnews.com,right,mixed,lebanon,website,minimal traffic,low credibility
alohastatenews.com,right-center,mixed,usa,website,minimal traffic,low credibility
youm7.com,right-center,mixed,egypt,newspaper,high traffic,low credibility
americamaxnews.com,right,low,usa,website,minimal traffic,low credibility
americaoutloud.com,right,low,usa,website,medium traffic,low credibility
americanactionnews.com,right,mixed,usa,website,medium traffic,low credibility
americancatholictribune.com,right-center,mixed,usa,website,minimal traffic,low credibility
acpeds.org,right,low,usa,organization/foundation,minimal traffic,low credibility
afa.net,right,low,usa,organization/foundation,medium traffic,low credibility
afn.net,right,low,usa,organization/foundation,medium traffic,low credibility
americasfreedomfighters.com,right,low,usa,website,medium traffic,low credibility
americangulag.org,right,low,usa,website,minimal traffic,low credibility
americanlibertyemail.com,right,low,usa,website,minimal traffic,low credibility
americanlookout.com,right,low,usa,website,minimal traffic,low credibility
americanpartisan.org,right,low,usa,website,minimal traffic,low credibility
americanpatriotdaily.com,right,low,usa,website,minimal traffic,low credibility
americanpeopledaily.com,right,low,usa,website,minimal traffic,low credibility
americanprinciplesproject.org,right,low,usa,organization/foundations,minimal traffic,low credibility
amren.com,right,low,usa,website,medium traffic,low credibility
tfp.org,right,low,usa,organization/foundation,minimal traffic,low credibility
americanthinker.com,right,low,usa,website,high traffic,low credibility
awm.com,right,mixed,usa,website,medium traffic,low credibility
americansfortruth.com,right,low,usa,organization/foundation,minimal traffic,low credibility
americasnewssource.com,right,low,usa,website,minimal traffic,low credibility
amestoday.com,right-center,mixed,usa,website,minimal traffic,low credibility
amoskeagtimes.com,left-center,mixed,usa,website,minimal traffic,low credibility
analyzingamerica.org,right,mixed,usa,website,medium traffic,low credibility
andersonreporter.com,right-center,mixed,usa,website,minimal traffic,low credibility
annarbortimes.com,right-center,mixed,usa,website,minimal traffic,low credibility
annearundeltoday.com,right-center,mixed,usa,website,minimal traffic,low credibility
anokatimes.com,right-center,mixed,usa,website,minimal traffic,low credibility
anonymouswire.com,right,low,unknown,website,minimal traffic,low credibility
antelopevalleytoday.com,right-center,mixed,usa,website,minimal traffic,low credibility
arabnews.com,right-center,mixed,saudi arabia,newspaper,high traffic,low credibility
arizonaindependent.com,left,mixed,usa,website,minimal traffic,low credibility
aroostooknews.com,right-center,mixed,usa,website,minimal traffic,low credibility
aapsonline.org,right,low,usa,organization/foundation,medium traffic,low credibility
athensreporter.com,right-center,mixed,usa,website,minimal traffic,low credibility
atlstandard.com,right-center,mixed,usa,website,minimal traffic,low credibility
auburntimes.com,right-center,mixed,usa,website,minimal traffic,low credibility
augustarichmondherald.com,left-center,mixed,usa,website,minimal traffic,low credibility
baldwintimes.com,right-center,mixed,usa,website,minimal traffic,low credibility
baltimorecitywire.com,right-center,mixed,usa,website,minimal traffic,low credibility
barenakedislam.com,right,low,usa,website,minimal traffic,low credibility
basnews.com,left,mixed,iraq,news agency,medium traffic,low credibility
batonrougereporter.com,right-center,mixed,usa,website,minimal traffic,low credibility
battlecreektimes.com,right-center,mixed,usa,website,minimal traffic,low credibility
baystatenews.com,right-center,mixed,usa,website,minimal traffic,low credibility
bb4sp.com,right,low,usa,website,minimal traffic,low credibility
bbarta24.net,left-center,mixed,bangladesh,website,minimal traffic,low credibility
bdnews24.com,left-center,mixed,bangladesh,website,high traffic,low credibility
beachbroadcastnews.com,right,low,usa,website,minimal traffic,low credibility
beantowntimes.com,right-center,mixed,usa,website,minimal traffic,low credibility
beckernews.com,right,low,usa,website,medium traffic,low credibility
beforeitsnews.com,right,low,usa,website,high traffic,low credibility
bjreview.com,left-center,mixed,usa,magazine,minimal traffic,low credibility
bentontimes.com,right-center,mixed,usa,website,minimal traffic,low credibility
bigislandtimes.com,right-center,mixed,usa,website,minimal traffic,low credibility
bigleaguepolitics.com,right,low,usa,website,medium traffic,low credibility
billionbibles.org,right,low,usa,website,minimal traffic,low credibility
bipartisanreport.com,left,low,usa,website,medium traffic,low credibility
bitchute.com,right,low,united kingdom,website,high traffic,low credibility
blackeyepolitics.com,right,low,usa,website,minimal traffic,low credibility
blackgenocide.org,right,low,usa,website,minimal traffic,low credibility
blacknews.com,left,mixed,usa,website,medium traffic,low credibility
blackpigeonspeaks.com,right,low,canada,website/video,medium traffic,low credibility
bloomingtonleader.com,right-center,mixed,usa,website,minimal traffic,low credibility
bluegrasstimes.com,right-center,mixed,usa,website,minimal traffic,low credibility
bluestatebluesnews.com,right,mixed,usa,website,medium traffic,low credibility
boisecitywire.com,right-center,mixed,usa,website,minimal traffic,low credibility
bongino.com,right,mixed,usa,website,medium traffic,low credibility
bostonbroadside.com,right,mixed,usa,newspaper,minimal traffic,low credibility
bowlinggreentoday.com,right-center,mixed,usa,website,minimal traffic,low credibility
bossip.com,left,mixed,usa,magazine,high traffic,low credibility
bransontimes.com,right-center,mixed,usa,website,minimal traffic,low credibility
breakingchristiannews.com,right,low,usa,website,minimal traffic,low credibility
breitbart.com,right,mixed,usa,website,high traffic,low credibility
brevardsun.com,right-center,mixed,usa,website,minimal traffic,low credibility
bridgeporttimes.com,right-center,mixed,usa,website,minimal traffic,low credibility
bristolreporter.com,right-center,mixed,usa,website,minimal traffic,low credibility
britainfirst.org,right,low,united kingdom,organization/foundation,minimal traffic,low credibility
buckscountystandard.com,left-center,mixed,usa,website,minimal traffic,low credibility
caixinglobal.com,right-center,mixed,china,magazine,medium traffic,low credibility
caldronpool.com,right,mixed,australia,website,minimal traffic,low credibility
canadafreepress.com,right,low,canada,website,medium traffic,low credibility
capecodledger.com,right-center,mixed,usa,website,minimal traffic,low credibility
micapitolnews.com,right-center,mixed,usa,website,minimal traffic,low credibility
capemonews.com,right-center,mixed,usa,website,minimal traffic,low credibility
capstonereport.com,right,low,usa,website,minimal traffic,low credibility
carbondalereporter.com,right-center,mixed,usa,website,minimal traffic,low credibility
azcatholictribune.com,right-center,mixed,usa,website,minimal traffic,low credibility
flcatholictribune.com,right-center,mixed,usa,website,minimal traffic,low credibility
micatholictribune.com,right-center,mixed,usa,website,minimal traffic,low credibility
mncatholictribune.com,right-center,mixed,usa,website,minimal traffic,low credibility
pacatholictribune.com,right-center,mixed,usa,website,minimal traffic,low credibility
wicatholictribune.com,right-center,mixed,usa,website,minimal traffic,low credibility
cctv.com,left-center,mixed,china,tv station,high traffic,low credibility
cdareporter.com,right-center,mixed,usa,website,minimal traffic,low credibility
cedarrapidstoday.com,right-center,mixed,usa,website,minimal traffic,low credibility
trueactivist.com,left,low,germany,website,minimal traffic,low credibility
centerforsecuritypolicy.org,right,mixed,usa,organization/foundation,minimal traffic,low credibility
centralbrowardnews.com,right-center,mixed,usa,website,minimal traffic,low credibility
centralcoloradonews.com,right-center,mixed,usa,website,minimal traffic,low credibility
centralfloridapost.com,right,low,usa,website,minimal traffic,low credibility
centralgeorgianews.com,right-center,mixed,usa,website,minimal traffic,low credibility
centralidahotimes.com,right-center,mixed,usa,website,minimal traffic,low credibility
centraliowatimes.com,right-center,mixed,usa,website,minimal traffic,low credibility
centrallouisiananews.com,right-center,mixed,usa,website,minimal traffic,low credibility
centralmissourinews.com,right-center,mixed,usa,website,minimal traffic,low credibility
centraloctimes.com,right-center,mixed,usa,website,minimal traffic,low credibility
centralpatimes.com,left-center,mixed,usa,website,minimal traffic,low credibility
centralstlnews.com,right-center,mixed,usa,website,minimal traffic,low credibility
chambanasun.com,right-center,mixed,usa,website,minimal traffic,low credibility
chicagocitywire.com,right-center,mixed,usa,website,minimal traffic,low credibility
chicotimes.com,right-center,mixed,usa,website,minimal traffic,low credibility
chinadaily.com.cn,left,mixed,china,newspaper,high traffic,low credibility
cgtn.com,left-center,mixed,china,tv station,high traffic,low credibility
christianaction.org,right,low,usa,organization/foundation,minimal traffic,low credibility
churchmilitant.com,right,mixed,usa,organization/foundation,medium traffic,low credibility
citizensjournal.us,right,mixed,usa,website,medium traffic,low credibility
clarionproject.org,right,low,usa,organization/foundation,minimal traffic,low credibility
claycotimes.com,right-center,mixed,usa,website,minimal traffic,low credibility
clayreporter.com,right-center,mixed,usa,website,minimal traffic,low credibility
cloverchronicle.com,right,low,unknown,website,minimal traffic,low credibility
cnsnews.com,right,low,usa,website,medium traffic,low credibility
coachellatoday.com,right-center,mixed,usa,website,minimal traffic,low credibility
coastalganews.com,right-center,mixed,usa,website,minimal traffic,low credibility
cobbnewsga.com,left-center,mixed,usa,website,minimal traffic,low credibility
cobbreporter.com,right-center,mixed,usa,website,minimal traffic,low credibility
coconinonews.com,right-center,mixed,usa,website,minimal traffic,low credibility
columbiamonews.com,right-center,mixed,usa,website,minimal traffic,low credibility
colonews.org,left-center,mixed,usa,website,minimal traffic,low credibility
columbusstandard.com,right-center,mixed,usa,website,minimal traffic,low credibility
cei.org,right,low,usa,organization/foundation,minimal traffic,low credibility
concernedwomen.org,right,low,usa,organization/foundation,minimal traffic,low credibility
conservapedia.com,right,mixed,usa,website,medium traffic,low credibility
conservativeammo.com,right,low,usa,website,minimal traffic,low credibility
conservativebeaver.com,right,low,canada,website,minimal traffic,low credibility
conservativedailynews.com,right,mixed,usa,website,medium traffic,low credibility
conservativedailypost.com,right,low,unknown,website,minimal traffic,low credibility
conservativefiringline.com,right,low,usa,website,minimal traffic,low credibility
conservativefreepress.com,right,low,usa,website,minimal traffic,low credibility
conservativematrix.com,right,mixed,usa,website,minimal traffic,low credibility
conservativeplaylist.com,right,low,usa,website,medium traffic,low credibility
conservativepost.com,right,low,usa,website,minimal traffic,low credibility
conservativerevival.com,right,low,usa,website,minimal traffic,low credibility
conservativeundergroundnews.com,right,mixed,usa,website,medium traffic,low credibility
constitutionstatenews.com,right-center,mixed,usa,website,minimal traffic,low credibility
corona-transition.org,right,low,switzerland,organization/foundation,minimal traffic,low credibility
cair.com,right-center,mixed,usa,organization/foundation,minimal traffic,low credibility
councilforthenationalinterest.org,left-center,mixed,usa,organization/foundation,minimal traffic,low credibility
conservative-headlines.org,right,low,usa,website,minimal traffic,low credibility
creativedestructionmedia.com,right,low,usa,website,medium traffic,low credibility
culturewatchnews.com,right,mixed,usa,website,minimal traffic,low credibility
dagospia.com,right,low,italy,website,minimal traffic,low credibility
focusonthefamily.com,right,low,usa,organization/foundation,medium traffic,low credibility
dailyheadlines.net,right,low,unknown,website,minimal traffic,low credibility
dailymail.co.uk,right,low,united kingdom,newspaper,high traffic,low credibility
dailypoliticalnewswire.com,right,low,usa,newspaper,minimal traffic,low credibility
dailystar.co.uk,right-center,mixed,united kingdom,newspaper,high traffic,low credibility
stormer-daily.rw,right,low,usa,website,medium traffic,low credibility
dakotatimes.com,right-center,mixed,usa,website,minimal traffic,low credibility
davidharrisjr.com,right,low,usa,website,medium traffic,low credibility
dcdirtylaundry.com,right,low,usa,website,minimal traffic,low credibility
debka.com,right,mixed,israel,website,medium traffic,low credibility
decaturtimes.com,right-center,mixed,usa,website,minimal traffic,low credibility
deepleftfield.info,left,mixed,usa,website,minimal traffic,low credibility
deepstatejournal.com,right,low,usa,website,minimal traffic,low credibility
defconnews.com,right,low,usa,website,minimal traffic,low credibility
defendingtherepublic.org,right,low,usa,organization/foundation,medium traffic,low credibility
defiantamerica.com,right,low,usa,website,medium traffic,low credibility
dekalbganews.com,right-center,mixed,usa,website,minimal traffic,low credibility
dekalbtimes.com,right-center,mixed,usa,website,minimal traffic,low credibility
delawarevalleysun.com,left-center,mixed,usa,website,minimal traffic,low credibility
democrats.org,left,mixed,usa,organization/foundation,medium traffic,low credibility
denvercitywire.com,right-center,mixed,usa,website,minimal traffic,low credibility
deplorablekel.com,right,low,usa,website,minimal traffic,low credibility
desmoinessun.com,right-center,mixed,usa,website,minimal traffic,low credibility
desantisdaily.com,right,mixed,usa,website,medium traffic,low credibility
detroitcitywire.com,right-center,mixed,usa,website,minimal traffic,low credibility
diamondandsilkinc.com,right,low,usa,website,medium traffic,low credibility
disclose.tv,right,mixed,germany,website,high traffic (via social media),low credibility
discoverthenetworks.org,right,low,usa,website,medium traffic,low credibility
djhjmedia.com,right,low,usa,website,medium traffic,low credibility
dnyuz.com,right-center,mixed,armenia,website,medium traffic,low credibility
downeasttimes.com,right-center,mixed,usa,website,minimal traffic,low credibility
downrivertoday.com,right-center,mixed,usa,website,minimal traffic,low credibility
dubuquetimes.com,right-center,mixed,usa,website,minimal traffic,low credibility
dupagepolicyjournal.com,right-center,mixed,usa,website,minimal traffic,low credibility
duvaltimes.com,right-center,mixed,usa,website,minimal traffic,low credibility
eastalamedanews.com,right-center,mixed,usa,website,minimal traffic,low credibility
eastarapahoenews.com,right-center,mixed,usa,website,minimal traffic,low credibility
eastarizonanews.com,right-center,mixed,usa,website,minimal traffic,low credibility
ecalabamanews.com,right-center,mixed,usa,website,minimal traffic,low credibility
eastcentralreporter.com,right-center,mixed,usa,website,minimal traffic,low credibility
eastcontracostanews.com,right-center,mixed,usa,website,minimal traffic,low credibility
easthillsboroughnews.com,right-center,mixed,usa,website,minimal traffic,low credibility
eastidahotimes.com,right-center,mixed,usa,website,minimal traffic,low credibility
eastindynews.com,right-center,mixed,usa,website,minimal traffic,low credibility
eciowanews.com,right-center,mixed,usa,website,minimal traffic,low credibility
eastkentuckytimes.com,right-center,mixed,usa,website,minimal traffic,low credibility
eastlittlerocktimes.com,right-center,mixed,usa,website,minimal traffic,low credibility
eastlouisvillenews.com,right-center,mixed,usa,website,minimal traffic,low credibility
eastmichigannews.com,right-center,mixed,usa,website,minimal traffic,low credibility
eastpanhandlenews.com,right-center,mixed,usa,website,minimal traffic,low credibility
eastpennyroyalnews.com,right-center,mixed,usa,website,minimal traffic,low credibility
eastsandiegonews.com,right-center,mixed,usa,website,minimal traffic,low credibility
eastsbvtimes.com,right-center,mixed,usa,website,minimal traffic,low credibility
eastsfvtoday.com,right-center,mixed,usa,website,minimal traffic,low credibility
eastsierranews.com,right-center,mixed,usa,website,minimal traffic,low credibility
easttwincities.com,right-center,mixed,usa,website,minimal traffic,low credibility
eastventuranews.com,right-center,mixed,usa,website,minimal traffic,low credibility
eastvolusianews.com,right-center,mixed,usa,website,minimal traffic,low credibility
eastwichitatimes.com,right-center,mixed,usa,website,minimal traffic,low credibility
easternwaynetoday.com,right-center,mixed,usa,website,minimal traffic,low credibility
echocheck.org,right,low,usa,website,minimal traffic,low credibility
ecgeorgianews.com,right-center,mixed,usa,website,minimal traffic,low credibility
ecindiananews.com,right-center,mixed,usa,website,minimal traffic,low credibility
eckansasnews.com,right-center,mixed,usa,website,minimal traffic,low credibility
ecmissnews.com,right-center,mixed,usa,website,minimal traffic,low credibility
elizabethtowntimes.com,right-center,mixed,usa,website,minimal traffic,low credibility
elkharttimes.com,right-center,mixed,usa,website,minimal traffic,low credibility
emeraldcoasttimes.com,right-center,mixed,usa,website,minimal traffic,low credibility
emirates247.com,right-center,mixed,united arab emirates,website,minimal traffic,low credibility
en-volve.com,right,low,usa,website,medium traffic,low credibility
endthefed.org,right,low,usa,website,minimal traffic,low credibility
europe-israel.org,right,mixed,israel,website,medium traffic,low credibility
everetttimes.com,left-center,mixed,usa,website,minimal traffic,low credibility
everytownresearch.org,left,mixed,usa,organization/foundation,minimal traffic,low credibility
evil.news,right,low,usa,website,minimal traffic,low credibility
factcheckingturkey.com,right,mixed,turkey,website,minimal traffic,low credibility
frc.org,right,low,usa,organization/foundation,medium traffic,low credibility
familysurvivalheadlines.com,right,mixed,usa,website,minimal traffic,low credibility
farsnews.ir,left-center,mixed,iran,news agency,high traffic,low credibility
dissident-mag.com,right,low,usa,website,minimal traffic,low credibility
fayettevillestandard.com,right-center,mixed,usa,website,minimal traffic,low credibility
federalistpress.com,right,mixed,usa,website,minimal traffic,low credibility
femalista.com,left,mixed,usa,website,minimal traffic,low credibility
filmingcops.com,left,mixed,usa,website,minimal traffic,low credibility
fireboebert.com,left,mixed,usa,organization/foundation,minimal traffic,low credibility
firststatetimes.com,right-center,mixed,usa,website,minimal traffic,low credibility
fl24.net,right,mixed,poland,website,minimal traffic,low credibility
flagandcross.com,right,mixed,usa,website,medium traffic,low credibility
thecareerbd.com,right-center,mixed,unknown,website,minimal traffic,low credibility
floridaparishnews.com,right-center,mixed,usa,website,minimal traffic,low credibility
conservativeglobe.com,right,low,usa,website,minimal traffic,low credibility
fortsmithtimes.com,right-center,mixed,usa,website,minimal traffic,low credibility
foxnews.com,right,mixed,usa,tv station/website,high traffic,low credibility
frankspeech.com,right,low,usa,website,minimal traffic,low credibility
freedomfirstnetwork.com,right,low,usa,website,minimal traffic,low credibility
freedomnewsreport.com,right,mixed,usa,website,minimal traffic,low credibility
freedomproject.com,right,low,usa,website,minimal traffic,high credibility
freewestmedia.com,right,mixed,sweden,website,minimal traffic,low credibility
fresnoleader.com,right-center,mixed,usa,website,minimal traffic,low credibility
friatider.se,right,low,sweden,website,high traffic,low credibility
frontpagemag.com,right,low,usa,organization/foundation,medium traffic,low credibility
ftwaynetimes.com,right-center,mixed,usa,website,minimal traffic,low credibility
gab.com,right,low,usa,website,high traffic,low credibility
gadsdentoday.com,right-center,mixed,usa,website,minimal traffic,low credibility
galesburgreporter.com,right-center,mixed,usa,website,minimal traffic,low credibility
gatestoneinstitute.org,right,mixed,usa,organization/foundation,medium traffic,low credibility
gbnews.uk,right,mixed,united kingdom,tv station,high traffic,low credibility
gellerreport.com,right,low,usa,website,medium traffic,low credibility
gemstatewire.com,right-center,mixed,usa,website,minimal traffic,low credibility
geneseenews.com,right-center,mixed,usa,website,minimal traffic,low credibility
genzconservative.com,right,mixed,usa,website,medium traffic,low credibility
geologyin.com,neutral,high,usa,website,medium traffic,low credibility
georgiamountainnews.com,right-center,mixed,usa,website,minimal traffic,low credibility
gettr.com,right,low,usa,website/social media app,high traffic,low credibility
ghost.report,right,mixed,usa,website,minimal traffic,low credibility
girlsjustwannahaveguns.com,right,low,usa,website,minimal traffic,low credibility
gnews.org,right,low,usa,website,medium traffic,low credibility
goldcountrytoday.com,right-center,mixed,usa,website,minimal traffic,low credibility
goldenstatetoday.com,right-center,mixed,usa,website,minimal traffic,low credibility
gopdailybrief.com,right,mixed,usa,website,medium traffic,low credibility
gop.gov,right,mixed,usa,website,minimal traffic,low credibility
gopusa.com,right,mixed,usa,website,minimal traffic,low credibility
grandcanyontimes.com,right-center,mixed,usa,website,minimal traffic,low credibility
grandjunctiontimes.com,right-center,mixed,usa,website,minimal traffic,low credibility
grandrapidsminews.com,left-center,mixed,usa,website,minimal traffic,low credibility
grandrapidsreporter.com,right-center,mixed,usa,website,minimal traffic,low credibility
granma.cu,left,mixed,cuba,newspaper,medium traffic,low credibility
greatamericandaily.com,right,low,usa,website,minimal traffic,low credibility
greatlakeswire.com,right-center,mixed,usa,website,minimal traffic,low credibility
greatreject.org,right,low,netherlands,website,minimal traffic,low credibility
gript.ie,right,mixed,ireland,website,medium traffic,high credibility
grundyreporter.com,right-center,mixed,usa,website,minimal traffic,low credibility
grunge.com,left-center,mixed,usa,website,high traffic,low credibility
gtrtimes.com,right-center,mixed,usa,website,minimal traffic,low credibility
gucmakale.com,left,mixed,usa,website,minimal traffic,low credibility
gulfnews.com,right,mixed,united arab emirates,newspaper,high traffic,low credibility
hagmannreport.com,right,low,usa,website,medium traffic,low credibility
halturnerradioshow.com,right,low,usa,website,medium traffic,low credibility
hannity.com,right,low,usa,website,medium traffic,low credibility
harfordnews.com,right-center,mixed,usa,website,minimal traffic,low credibility
hartfordreporter.com,right-center,mixed,usa,website,minimal traffic,low credibility
hawarnews.org,left,low,syria,news agency,medium traffic,low credibility
hawkeyereporter.com,right-center,mixed,usa,website,minimal traffic,low credibility
headlineusa.com,right,mixed,usa,website,medium traffic,low credibility
headtopics.com,left-center,mixed,unknown,website,medium traffic,low credibility
hendersontimes.org,left-center,mixed,usa,website,minimal traffic,low credibility
hereistheevidence.com,right,low,united kingdom,website,minimal traffic,low credibility
hernandoreporter.com,right-center,mixed,usa,website,minimal traffic,low credibility
heartland.org,right,low,usa,organization/foundation,minimal traffic,low credibility
hindustantimes.com,left-center,mixed,india,newspaper,high traffic,low credibility
hoggwatch.com,right,low,usa,website,minimal traffic,low credibility
honolulureporter.com,right-center,mixed,usa,website,minimal traffic,low credibility
hollandreporter.com,right-center,mixed,usa,website,minimal traffic,low credibility
hoosierstatetoday.com,right-center,mixed,usa,website,minimal traffic,low credibility
hopkinsvilletimes.com,right-center,mixed,usa,website,minimal traffic,low credibility
hotspringstimes.com,right-center,mixed,usa,website,minimal traffic,low credibility
houmathibodauxnews.com,right-center,mixed,usa,website,minimal traffic,low credibility
housatonicvalleynews.com,right-center,mixed,usa,website,minimal traffic,low credibility
howardconews.com,right-center,mixed,usa,website,minimal traffic,low credibility
huntsvilleleader.com,right-center,mixed,usa,website,minimal traffic,low credibility
hutchtoday.com,right-center,mixed,usa,website,minimal traffic,low credibility
iharare.com,left,mixed,zimbabwe,website,medium traffic,low credibility
ihatethemedia.com,right,low,usa,website,minimal traffic,low credibility
ihypocrite.net,right,mixed,usa,website,minimal traffic,low credibility
illegalaliencrimereport.com,right,mixed,usa,website,minimal traffic,low credibility
illicitinfo.com,right,low,usa,website,minimal traffic,low credibility
illinoisvalleytimes.com,right-center,mixed,usa,website,minimal traffic,low credibility
imperialcanews.com,right-center,mixed,usa,website,minimal traffic,low credibility
infogalactic.com,right,low,switzerland,website,medium traffic,low credibility
independentsentinel.com,right,low,usa,website,medium traffic,low credibility
indystandard.com,right-center,mixed,usa,website,minimal traffic,low credibility
informationliberation.com,right,low,usa,website,minimal traffic,low credibility
informer.rs,right,mixed,serbia,website,high traffic,low credibility
infoscum.com,left-center,mixed,canada,website,minimal traffic,low credibility
interioralaskanews.com,right-center,mixed,usa,website,minimal traffic,low credibility
iowacitytoday.com,right-center,mixed,usa,website,minimal traffic,low credibility
jacksonpurchasenews.com,right-center,mixed,usa,website,minimal traffic,low credibility
jeffcitynews.com,right-center,mixed,usa,website,minimal traffic,low credibility
jeffcotimes.com,right-center,mixed,usa,website,minimal traffic,low credibility
jeffersonreporter.com,right-center,mixed,usa,website,minimal traffic,low credibility
jocotoday.com,right-center,mixed,usa,website,minimal traffic,low credibility
jbs.org,right,low,usa,organization/foundation,minimal traffic,low credibility
jonesborotimes.com,right-center,mixed,usa,website,minimal traffic,low credibility
jordanbpeterson.com,right,mixed,usa,website,high traffic,low credibility
judicialwatch.org,right,low,usa,website,medium traffic,low credibility
justthenews.com,right,mixed,usa,website,high traffic,low credibility
kalamazootimes.com,right-center,mixed,usa,website,minimal traffic,low credibility
kanecountyreporter.com,right-center,mixed,usa,website,minimal traffic,low credibility
kankakeetimes.com,right-center,mixed,usa,website,minimal traffic,low credibility
katehon.com,right,low,russia,organization/foundation,medium traffic,low credibility
kauaisun.com,right-center,mixed,usa,website,minimal traffic,low credibility
kcreporter.com,right-center,mixed,usa,website,minimal traffic,low credibility
kendallcountytimes.com,right-center,mixed,usa,website,minimal traffic,low credibility
kentcountytoday.com,right-center,mixed,usa,website,minimal traffic,low credibility
kentuckianatimes.com,right-center,mixed,usa,website,minimal traffic,low credibility
kerncountytimes.com,right-center,mixed,usa,website,minimal traffic,low credibility
keywestreporter.com,right-center,mixed,usa,website,minimal traffic,low credibility
kingscountytimes.com,right-center,mixed,usa,website,minimal traffic,low credibility
kokomostandard.com,right-center,mixed,usa,website,minimal traffic,low credibility
kcna.kp,left,low,north korea,news agency,medium traffic,low credibility
lacrosseleader.org,left-center,mixed,usa,website,minimal traffic,low credibility
lafayettereporter.com,right-center,mixed,usa,website,minimal traffic,low credibility
lafayettetimes.com,right-center,mixed,usa,website,minimal traffic,low credibility
laharbornews.com,right-center,mixed,usa,website,minimal traffic,low credibility
lakecountygazette.com,right-center,mixed,usa,website,minimal traffic,low credibility
laketahoesun.com,right-center,mixed,usa,website,minimal traffic,low credibility
lancastercourier.com,left,mixed,usa,website,minimal traffic,low credibility
lansingsun.com,right-center,mixed,usa,website,minimal traffic,low credibility
larimernews.com,right-center,mixed,usa,website,minimal traffic,low credibility
lastfrontiernews.com,right-center,mixed,usa,website,minimal traffic,low credibility
lawrencereporter.com,right-center,mixed,usa,website,minimal traffic,low credibility
laxleader.com,right-center,mixed,usa,website,minimal traffic,low credibility
lewistontimes.com,right-center,mixed,usa,website,minimal traffic,low credibility
libertybell.com,right,low,usa,website,minimal traffic,low credibility
libertywire.net,right,low,usa,website,minimal traffic,low credibility
lifenews.com,right,low,usa,website,medium traffic,low credibility
lifesitenews.com,right,low,canada,website,medium traffic,low credibility
lindelltv.com,right,low,usa,website,minimal traffic,low credibility
litchfieldhillstoday.com,right-center,mixed,usa,website,minimal traffic,low credibility
littleappletimes.com,right-center,mixed,usa,website,minimal traffic,low credibility
livingstontoday.com,right-center,mixed,usa,website,minimal traffic,low credibility
itemfix.com,right-center,mixed,united kingdom,website,medium traffic,low credibility
louderwithcrowder.com,right,mixed,usa,radio,medium traffic,low credibility
louisvillecitywire.com,right-center,mixed,usa,website,minimal traffic,low credibility
lowedeltanews.com,right-center,mixed,usa,website,minimal traffic,low credibility
macombtoday.com,right-center,mixed,usa,website,minimal traffic,low credibility
maconreporter.com,right-center,mixed,usa,website,minimal traffic,low credibility
macontimes.com,right-center,mixed,usa,website,minimal traffic,low credibility
magicvalleytimes.com,right-center,mixed,usa,website,minimal traffic,low credibility
magnoliastatenews.com,right-center,mixed,usa,website,minimal traffic,low credibility
mainebusinessdaily.com,right-center,mixed,usa,website,minimal traffic,low credibility
mainehighlandsnews.com,right-center,mixed,usa,website,minimal traffic,low credibility
mainelakesnews.com,right-center,mixed,usa,website,minimal traffic,low credibility
mainstreamfakemedia.com,right,low,usa,website,minimal traffic,low credibility
manateereview.com,right-center,mixed,usa,website,minimal traffic,low credibility
manilabusinessdaily.com,right-center,mixed,usa,website,minimal traffic,low credibility
marinleader.com,right-center,mixed,usa,website,minimal traffic,low credibility
mdbusinessdaily.com,right-center,mixed,usa,website,minimal traffic,low credibility
mdstatewire.com,right-center,mixed,usa,website,minimal traffic,low credibility
mabusinessdaily.com,right-center,mixed,usa,website,minimal traffic,low credibility
matsutimes.com,right-center,mixed,usa,website,minimal traffic,low credibility
mchenrytimes.com,right-center,mixed,usa,website,minimal traffic,low credibility
mcleancountytimes.com,right-center,mixed,usa,website,minimal traffic,low credibility
mercedtimes.com,right-center,mixed,usa,website,minimal traffic,low credibility
mercopress.com,left-center,mixed,uruguay,news agency,medium traffic,low credibility
merrimackvalleynews.com,right-center,mixed,usa,website,minimal traffic,low credibility
metricmedianews.com,right-center,mixed,usa,website,minimal traffic,low credibility
metroeastsun.com,right-center,mixed,usa,website,minimal traffic,low credibility
metrolexnews.com,right-center,mixed,usa,website,minimal traffic,low credibility
metrowesttimes.com,right-center,mixed,usa,website,minimal traffic,low credibility
mexicobusinessdaily.com,right-center,mixed,usa,website,minimal traffic,low credibility
miamicourant.com,right-center,mixed,usa,website,minimal traffic,low credibility
miamistandard.news,right,mixed,usa,website,medium traffic,low credibility
micdroppolitics.com,right,low,usa,website,minimal traffic,low credibility
mibusinessdaily.com,right-center,mixed,usa,website,minimal traffic,low credibility
themichiganstar.com,right,mixed,usa,website,minimal traffic,low credibility
midcoasttoday.com,right-center,mixed,usa,website,minimal traffic,low credibility
mena.org.eg,right-center,mixed,egypt,news agency,medium traffic,low credibility
midmassnews.com,right-center,mixed,usa,website,minimal traffic,low credibility
militarywatchmagazine.com,right-center,mixed,unknown,website,medium traffic,low credibility
minneapolisreview.com,right-center,mixed,usa,website,minimal traffic,low credibility
mnbusinessdaily.com,right-center,mixed,usa,website,minimal traffic,low credibility
minnesotastatewire.com,right-center,mixed,usa,website,minimal traffic,low credibility
theminnesotasun.com,right,mixed,usa,website,minimal traffic,low credibility
mintpressnews.com,left,low,usa,website,medium traffic,low credibility
msbusinessdaily.com,right-center,mixed,usa,website,minimal traffic,low credibility
msgulfnews.com,right-center,mixed,usa,website,minimal traffic,low credibility
mobusinessdaily.com,right-center,mixed,usa,website,minimal traffic,low credibility
mobilecourant.com,right-center,mixed,usa,website,minimal traffic,low credibility
mohavetoday.com,right-center,mixed,usa,website,minimal traffic,low credibility
monroereview.com,right-center,mixed,usa,website,minimal traffic,low credibility
montereytimes.com,right-center,mixed,usa,website,minimal traffic,low credibility
montgomerymdnews.com,right-center,mixed,usa,website,minimal traffic,low credibility
moonofalabama.org,left,low,usa,website,medium traffic,low credibility
morningpoll.com,right,low,usa,website,minimal traffic,low credibility
mtonews.com,left-center,low,usa,website,high traffic,low credibility
munciereporter.com,right-center,mixed,usa,website,minimal traffic,low credibility
muskegonsun.com,right-center,mixed,usa,website,minimal traffic,low credibility
nwiowanews.com,right-center,mixed,usa,website,minimal traffic,low credibility
naplesstandard.com,right-center,mixed,usa,website,minimal traffic,low credibility
naturecoasttimes.com,right-center,mixed,usa,website,minimal traffic,low credibility
nationalinsiders.com,right,low,usa,website,minimal traffic,low credibility
nra.org,right,mixed,usa,organization/foundation,medium traffic,low credibility
nrlc.org,right,mixed,usa,organization/foundation,minimal traffic,low credibility
nationalzero.com,left,mixed,usa,website,medium traffic,low credibility
nationandstate.com,right,low,usa,website,minimal traffic,low credibility
naturalstatenews.com,right-center,mixed,usa,website,minimal traffic,low credibility
naugatucktimes.com,right-center,mixed,usa,website,minimal traffic,low credibility
ncfloridanews.com,right-center,mixed,usa,website,minimal traffic,low credibility
ncgeorgianews.com,right-center,mixed,usa,website,minimal traffic,low credibility
nckansasnews.com,right-center,mixed,usa,website,minimal traffic,low credibility
ncindiananews.com,right-center,mixed,usa,website,minimal traffic,low credibility
nckentuckynews.com,right-center,mixed,usa,website,minimal traffic,low credibility
ncmassnews.com,right-center,mixed,usa,website,minimal traffic,low credibility
ncminnesotanews.com,right-center,mixed,usa,website,minimal traffic,low credibility
ncmissnews.com,right-center,mixed,usa,website,minimal traffic,low credibility
nealabamanews.com,right-center,mixed,usa,website,minimal traffic,low credibility
neatlantanews.com,right-center,mixed,usa,website,minimal traffic,low credibility
necalinews.com,right-center,mixed,usa,website,minimal traffic,low credibility
necoloradonews.com,right-center,mixed,usa,website,minimal traffic,low credibility
neconnnews.com,right-center,mixed,usa,website,minimal traffic,low credibility
nefloridanews.com,right-center,mixed,usa,website,minimal traffic,low credibility
neindiananews.com,right-center,mixed,usa,website,minimal traffic,low credibility
nekansascitynews.com,right-center,mixed,usa,website,minimal traffic,low credibility
nekansasnews.com,right-center,mixed,usa,website,minimal traffic,low credibility
nekentuckynews.com,right-center,mixed,usa,website,minimal traffic,low credibility
nelouisiananews.com,right-center,mixed,usa,website,minimal traffic,low credibility
nemissnews.com,right-center,mixed,usa,website,minimal traffic,low credibility
nemissourinews.com,right-center,mixed,usa,website,minimal traffic,low credibility
nesacramentonews.com,right-center,mixed,usa,website,minimal traffic,low credibility
nevalleytimes.com,right-center,mixed,usa,website,minimal traffic,low credibility
journal-neo.org,right,low,russia,website,medium traffic,low credibility
news18.com,right-center,mixed,india,tv station,high traffic,low credibility
newsbreak.com,left-center,mixed,usa,news app,high traffic,low credibility
newsglobal.com,right,low,usa,website,medium traffic,low credibility
newshourfirst.com,right,low,usa,website,minimal traffic,low credibility
newspunch.com,right,low,usa,website,medium traffic,low credibility
newspushed.com,right,low,united kingdom,website,minimal traffic,low credibility
newsready.com,right,mixed,usa,website,medium traffic,low credibility
newssloth.com,right,mixed,usa,website,medium traffic,low credibility
newsmax.com,right,low,usa,tv station,high traffic,low credibility
newsview.gr,right,low,greece,website,medium traffic,low credibility
nextnewsnetwork.com,right,low,usa,website,medium traffic,low credibility
nolareporter.com,right-center,mixed,usa,website,minimal traffic,low credibility
noqreport.com,right,low,usa,website,medium traffic,low credibility
nordicmonitor.com,left-center,mixed,sweden,website,minimal traffic,low credibility
norfolkreporter.com,right-center,mixed,usa,website,minimal traffic,low credibility
northacadiananews.com,right-center,mixed,usa,website,minimal traffic,low credibility
northalaskanews.com,right-center,mixed,usa,website,minimal traffic,low credibility
northbaltimorejournal.com,right-center,mixed,usa,website,minimal traffic,low credibility
northbirminghamtimes.com,right-center,mixed,usa,website,minimal traffic,low credibility
northbluegrassnews.com,right-center,mixed,usa,website,minimal traffic,low credibility
northbostonnews.com,right-center,mixed,usa,website,minimal traffic,low credibility
northbrowardnews.com,right-center,mixed,usa,website,minimal traffic,low credibility
ncarkansasnews.com,right-center,mixed,usa,website,minimal traffic,low credibility
northcoastcanews.com,right-center,mixed,usa,website,minimal traffic,low credibility
northcooknews.com,right-center,mixed,usa,website,minimal traffic,low credibility
northdsmnews.com,right-center,mixed,usa,website,minimal traffic,low credibility
northernwitimes.com,left-center,mixed,usa,website,minimal traffic,low credibility
northegyptnews.com,right-center,mixed,usa,website,minimal traffic,low credibility
northfultontoday.com,right-center,mixed,usa,website,minimal traffic,low credibility
northgwinnettnews.com,right-center,mixed,usa,website,minimal traffic,low credibility
northhennepinnews.com,right-center,mixed,usa,website,minimal traffic,low credibility
northmichigannews.com,right-center,mixed,usa,website,minimal traffic,low credibility
northidahotimes.com,right-center,mixed,usa,website,minimal traffic,low credibility
northindynews.com,right-center,mixed,usa,website,minimal traffic,low credibility
northinlandnews.com,right-center,mixed,usa,website,minimal traffic,low credibility
northiowareporter.com,right-center,mixed,usa,website,minimal traffic,low credibility
northjeffconews.com,right-center,mixed,usa,website,minimal traffic,low credibility
northkentnews.com,right-center,mixed,usa,website,minimal traffic,low credibility
northkentuckynews.com,right-center,mixed,usa,website,minimal traffic,low credibility
northlaketimes.com,right-center,mixed,usa,website,minimal traffic,low credibility
northlittlerocktimes.com,right-center,mixed,usa,website,minimal traffic,low credibility
northmianews.com,right-center,mixed,usa,website,minimal traffic,low credibility
northoctimes.com,right-center,mixed,usa,website,minimal traffic,low credibility
northpanhandlenews.com,right-center,mixed,usa,website,minimal traffic,low credibility
northpimanews.com,right-center,mixed,usa,website,minimal traffic,low credibility
northramseynews.com,right-center,mixed,usa,website,minimal traffic,low credibility
northsactoday.com,right-center,mixed,usa,website,minimal traffic,low credibility
northnewcastlenews.com,right-center,mixed,usa,website,minimal traffic,low credibility
northsfvtoday.com,right-center,mixed,usa,website,minimal traffic,low credibility
northsgvnews.com,right-center,mixed,usa,website,minimal traffic,low credibility
northshorelanews.com,right-center,mixed,usa,website,minimal traffic,low credibility
northstlnews.com,right-center,mixed,usa,website,minimal traffic,low credibility
nwwaynenews.com,right-center,mixed,usa,website,minimal traffic,low credibility
nwlaketimes.com,left-center,mixed,usa,website,minimal traffic,low credibility
northwichitanews.com,right-center,mixed,usa,website,minimal traffic,low credibility
novitimes.com,right-center,mixed,usa,website,minimal traffic,low credibility
nowthisnews.com,left,mixed,usa,website,medium traffic,low credibility
npr.news,right,low,usa,website,minimal traffic,low credibility
nationalrighttolifenews.org,right,low,usa,organization/foundation,minimal traffic,low credibility
ntd.com,right,mixed,usa,tv station,medium traffic,low credibility
nwalabamanews.com,right-center,mixed,usa,website,minimal traffic,low credibility
nwarkansasnews.com,right-center,mixed,usa,website,minimal traffic,low credibility
nwatlantanews.com,right-center,mixed,usa,website,minimal traffic,low credibility
nwconnnews.com,right-center,mixed,usa,website,minimal traffic,low credibility
nwgeorgianews.com,right-center,mixed,usa,website,minimal traffic,low credibility
nwillinoisnews.com,right-center,mixed,usa,website,minimal traffic,low credibility
nwkansasnews.com,right-center,mixed,usa,website,minimal traffic,low credibility
nwkentuckynews.com,right-center,mixed,usa,website,minimal traffic,low credibility
nwlatimes.com,right-center,mixed,usa,website,minimal traffic,low credibility
nwlouisiananews.com,right-center,mixed,usa,website,minimal traffic,low credibility
nwminnesotanews.com,right-center,mixed,usa,website,minimal traffic,low credibility
nwmissnews.com,right-center,mixed,usa,website,minimal traffic,low credibility
nwriversidenews.com,right-center,mixed,usa,website,minimal traffic,low credibility
nwvalleytimes.com,right-center,mixed,usa,website,minimal traffic,low credibility
trendingpolitics.com,right,low,usa,website,medium traffic,low credibility
oaklandcitywire.com,right-center,mixed,usa,website,minimal traffic,low credibility
oathkeepers.org,right,low,usa,organization/foundation,minimal traffic,low credibility
objectivist.co,right,mixed,usa,website,minimal traffic,low credibility
occupydemocrats.com,left,low,usa,organization/foundation,high traffic,low credibility
okeechobeetimes.com,right-center,mixed,usa,website,minimal traffic,low credibility
origo.hu,right,mixed,hungary,website,high traffic,low credibility
orlandostandard.com,right-center,mixed,usa,website,minimal traffic,low credibility
outragedpatriot.com,right,low,unknown,website,minimal traffic,low credibility
oxfordreporter.com,right-center,mixed,usa,website,minimal traffic,low credibility
palmcoasttimes.com,right-center,mixed,usa,website,minimal traffic,low credibility
panamacityreporter.com,right-center,mixed,usa,website,minimal traffic,low credibility
parler.com,right,low,usa,website,high traffic,low credibility
patriotfetch.com,right,low,usa,website,medium traffic,low credibility
patrioticpost.com,right,low,usa,website,medium traffic,low credibility
patriotnewsfeed.com,right,mixed,usa,website,minimal traffic,low credibility
patriotpulse.net,right,mixed,usa,website,medium traffic,low credibility
patriotuproar.com,right,mixed,usa,website,minimal traffic,low credibility
peachtreegazette.com,left-center,mixed,usa,website,minimal traffic,low credibility
peachtreetimes.com,right-center,mixed,usa,website,minimal traffic,low credibility
pelicanstatenews.com,right-center,mixed,usa,website,minimal traffic,low credibility
pennsylvaniaindependent.com,left,mixed,usa,website,minimal traffic,low credibility
pensacolatimes.com,right-center,mixed,usa,website,minimal traffic,low credibility
peoriastandard.com,right-center,mixed,usa,website,minimal traffic,low credibility
perezhilton.com,left,mixed,usa,website,medium traffic,low credibility
phxreporter.com,right-center,mixed,usa,website,minimal traffic,low credibility
pinaltoday.com,right-center,mixed,usa,website,minimal traffic,low credibility
pinebelttimes.com,right-center,mixed,usa,website,minimal traffic,low credibility
pinellastimes.com,right-center,mixed,usa,website,minimal traffic,low credibility
pinestatenews.com,right-center,mixed,usa,website,minimal traffic,low credibility
pjmedia.com,right,mixed,usa,website,high traffic,low credibility
plymouthreporter.com,right-center,mixed,usa,website,minimal traffic,low credibility
pocatellotimes.com,right-center,mixed,usa,website,minimal traffic,low credibility
politicalanimalnews.com,right,mixed,usa,website,minimal traffic,low credibility
politicalflare.com,left,low,usa,website,medium traffic,low credibility
polktimes.com,right-center,mixed,usa,website,minimal traffic,low credibility
pomonavalleynews.com,right-center,mixed,usa,website,minimal traffic,low credibility
pontiactimes.com,right-center,mixed,usa,website,minimal traffic,low credibility
pop.org,right,low,usa,organization/foundation,minimal traffic,low credibility
populistpress.com,right,low,usa,website,medium traffic,low credibility
portlandmainenews.com,right-center,mixed,usa,website,minimal traffic,low credibility
prageru.com,right,low,usa,organization/foundation,medium traffic,low credibility
prairiestatewire.com,right-center,mixed,usa,website,minimal traffic,low credibility
pravdareport.com,right,low,russia,website,high traffic,low credibility
presidentialhill.com,right,low,usa,website,medium traffic,low credibility
presscalifornia.com,right,low,usa,website,medium traffic,low credibility
presscorp.org,right,mixed,usa,website,minimal traffic,low credibility
presstv.ir,right,low,iran,tv station,high traffic,low credibility
projectveritas.com,right,mixed,usa,organization/foundation,medium traffic,low credibility
protothema.gr,right,mixed,greece,newspaper,high traffic,low credibility
protrumpnews.com,right,low,unknown,website,medium traffic,low credibility
pulaskitimes.com,right-center,mixed,usa,website,minimal traffic,low credibility
quincyreporter.com,right-center,mixed,usa,website,minimal traffic,low credibility
rairfoundation.com,right,low,usa,website,medium traffic,low credibility
rationalground.com,right,mixed,usa,website,minimal traffic,low credibility
redacted.inc,right,mixed,portugal,website/podcast,medium traffic,low credibility
reddingtoday.com,right-center,mixed,usa,website,minimal traffic,low credibility
redrightdaily.com,right,mixed,usa,website,minimal traffic,low credibility
redstatenation.com,right,low,usa,website,minimal traffic,low credibility
redvoicemedia.com,right,low,usa,website,medium traffic,low credibility
redwoodempirenews.com,right-center,mixed,usa,website,minimal traffic,low credibility
reformedmedia.net,right,low,usa,website,minimal traffic,low credibility
renewedright.com,right,mixed,usa,website,medium traffic,low credibility
republicandaily.net,right,mixed,usa,website,medium traffic,low credibility
gop.com,right,mixed,usa,organization/foundation,medium traffic,medium credibility
resistthemainstream.org,right,mixed,macedonia,website,medium traffic,low credibility
ria.ru,right-center,low,russia,news agency,high traffic,low credibility
righterway.com,right,low,unknown,website,minimal traffic,low credibility
rightnewswire.com,right,mixed,usa,website,medium traffic,low credibility
rsbnetwork.com,right,low,usa,website/video,medium traffic,low credibility
riverbendtimes.com,right-center,mixed,usa,website,minimal traffic,low credibility
riverparishnews.com,right-center,mixed,usa,website,minimal traffic,low credibility
riverregiontimes.com,right-center,mixed,usa,website,minimal traffic,low credibility
rivervalleytoday.com,right-center,mixed,usa,website,minimal traffic,low credibility
rockfordsun.com,right-center,mixed,usa,website,minimal traffic,low credibility
rockislandtoday.com,right-center,mixed,usa,website,minimal traffic,low credibility
rodong.rep.kp,left,low,north korea,newspaper,medium traffic,low credibility
roguereview.net,right,low,usa,website,minimal traffic,low credibility
romereporter.com,right-center,mixed,usa,website,minimal traffic,low credibility
rt.com,right-center,low,russia,tv station,high traffic,low credibility
rumble.com,right,low,canada,website/video,high traffic,low credibility
ruptly.tv,right-center,mixed,russia,website,medium traffic,low credibility
rushlimbaugh.com,right,low,usa,website,minimal traffic,low credibility
russia-insider.com,right,low,russia,website,minimal traffic,low credibility
tass.com,right-center,mixed,russia,news agency,medium traffic,low credibility
ruthinstitute.org,right,low,usa,organization/foundation,minimal traffic,low credibility
salemnewswire.com,right-center,mixed,usa,website,minimal traffic,low credibility
sanfransun.com,right-center,mixed,usa,website,minimal traffic,low credibility
sangamonsun.com,right-center,mixed,usa,website,minimal traffic,low credibility
sanjoaquintimes.com,right-center,mixed,usa,website,minimal traffic,low credibility
sanjosestandard.com,right-center,mixed,usa,website,minimal traffic,low credibility
santaclaratoday.com,right-center,mixed,usa,website,minimal traffic,low credibility
santacruzstandard.com,right-center,mixed,usa,website,minimal traffic,low credibility
sanmateosun.com,right-center,mixed,usa,website,minimal traffic,low credibility
smobserved.com,right,low,usa,website,minimal traffic,low credibility
sarasotareview.com,right-center,mixed,usa,website,minimal traffic,low credibility
savannahstandard.com,right-center,mixed,usa,website,minimal traffic,low credibility
scalaskanews.com,right-center,mixed,usa,website,minimal traffic,low credibility
seatlantanews.com,right-center,mixed,usa,website,minimal traffic,low credibility
sckansasnews.com,right-center,mixed,usa,website,minimal traffic,low credibility
scminnesotanews.com,right-center,mixed,usa,website,minimal traffic,low credibility
scmissnews.com,right-center,mixed,usa,website,minimal traffic,low credibility
sealaskanews.com,right-center,mixed,usa,website,minimal traffic,low credibility
searizonanews.com,right-center,mixed,usa,website,minimal traffic,low credibility
sebluegrassnews.com,right-center,mixed,usa,website,minimal traffic,low credibility
seconnnews.com,right-center,mixed,usa,website,minimal traffic,low credibility
sedenvernews.com,right-center,mixed,usa,website,minimal traffic,low credibility
segeorgianews.com,right-center,mixed,usa,website,minimal traffic,low credibility
segrandrapids.com,right-center,mixed,usa,website,minimal traffic,low credibility
seillinoisnews.com,right-center,mixed,usa,website,minimal traffic,low credibility
seindiananews.com,right-center,mixed,usa,website,minimal traffic,low credibility
seiowanews.com,right-center,mixed,usa,website,minimal traffic,low credibility
sekentuckynews.com,right-center,mixed,usa,website,minimal traffic,low credibility
selatimes.com,right-center,mixed,usa,website,minimal traffic,low credibility
seminnesotanews.com,right-center,mixed,usa,website,minimal traffic,low credibility
seoaklandnews.com,right-center,mixed,usa,website,minimal traffic,low credibility
setwincities.com,right-center,mixed,usa,website,minimal traffic,low credibility
sfvtoday.com,right-center,mixed,usa,website,minimal traffic,low credibility
sgvstandard.com,right-center,mixed,usa,website,minimal traffic,low credibility
shafaq.com,left,mixed,iraq,website,medium traffic,low credibility
shelbyreview.com,right-center,mixed,usa,website,minimal traffic,low credibility
shiawasseetimes.com,right-center,mixed,usa,website,minimal traffic,low credibility
shoalstoday.com,right-center,mixed,usa,website,minimal traffic,low credibility
shreveportreporter.com,right-center,mixed,usa,website,minimal traffic,low credibility
siouxcitytimes.com,right-center,mixed,usa,website,minimal traffic,low credibility
sloreporter.com,right-center,mixed,usa,website,minimal traffic,low credibility
sohu.com,left-center,mixed,china,website,high traffic,low credibility
solanosun.com,right-center,mixed,usa,website,minimal traffic,low credibility
southalamedanews.com,right-center,mixed,usa,website,minimal traffic,low credibility
southatlantanews.com,right-center,mixed,usa,website,minimal traffic,low credibility
southbayleader.com,right-center,mixed,usa,website,minimal traffic,low credibility
southbaysdnews.com,right-center,mixed,usa,website,minimal traffic,low credibility
southbendtimes.com,right-center,mixed,usa,website,minimal traffic,low credibility
southalabamatimes.com,right-center,mixed,usa,website,minimal traffic,low credibility
southbrowardnews.com,right-center,mixed,usa,website,minimal traffic,low credibility
southcentralreporter.com,right-center,mixed,usa,website,minimal traffic,low credibility
southcooknews.com,right-center,mixed,usa,website,minimal traffic,low credibility
silnews.com,right-center,mixed,usa,website,minimal traffic,low credibility
southernindianatoday.com,right-center,mixed,usa,website,minimal traffic,low credibility
southdsmnews.com,right-center,mixed,usa,website,minimal traffic,low credibility
southgeorgiatimes.com,right-center,mixed,usa,website,minimal traffic,low credibility
southgwinnettnews.com,right-center,mixed,usa,website,minimal traffic,low credibility
southhennepinnews.com,right-center,mixed,usa,website,minimal traffic,low credibility
southindynews.com,right-center,mixed,usa,website,minimal traffic,low credibility
southiowanews.com,right-center,mixed,usa,website,minimal traffic,low credibility
southjeffconews.com,right-center,mixed,usa,website,minimal traffic,low credibility
southkentnews.com,right-center,mixed,usa,website,minimal traffic,low credibility
southlaketoday.com,right-center,mixed,usa,website,minimal traffic,low credibility
southlouisiananews.com,right-center,mixed,usa,website,minimal traffic,low credibility
southmainenews.com,right-center,mixed,usa,website,minimal traffic,low credibility
southmianews.com,right-center,mixed,usa,website,minimal traffic,low credibility
southmichigannews.com,right-center,mixed,usa,website,minimal traffic,low credibility
southnewcastlenews.com,right-center,mixed,usa,website,minimal traffic,low credibility
southorlandonews.com,right-center,mixed,usa,website,minimal traffic,low credibility
southpalmbeachtoday.com,right-center,mixed,usa,website,minimal traffic,low credibility
southpinellastimes.com,right-center,mixed,usa,website,minimal traffic,low credibility
southsactoday.com,right-center,mixed,usa,website,minimal traffic,low credibility
southsfbaynews.com,right-center,mixed,usa,website,minimal traffic,low credibility
southsgvnews.com,right-center,mixed,usa,website,minimal traffic,low credibility
swillinoisnews.com,right-center,mixed,usa,website,minimal traffic,low credibility
southwichitanews.com,right-center,mixed,usa,website,minimal traffic,low credibility
springfieldcitywire.com,right-center,mixed,usa,website,minimal traffic,low credibility
springstimes.com,right-center,mixed,usa,website,minimal traffic,low credibility
sputniknews.com,right-center,low,russia,news agency,high traffic,low credibility
snanews.de,right-center,low,russia,news agency,medium traffic,low credibility
stjoebentonharbor.com,right-center,mixed,usa,website,minimal traffic,low credibility
stpetestandard.com,right-center,mixed,usa,website,minimal traffic,low credibility
stateofthenation.co,right,low,usa,website,medium traffic,low credibility
stcloudsun.com,right-center,mixed,usa,website,minimal traffic,low credibility
steadfastclash.com,right,mixed,usa,website,minimal traffic,low credibility
steadfastdaily.com,right,mixed,usa,website,minimal traffic,low credibility
stoppingsocialism.com,right,mixed,usa,organization/foundation,minimal traffic,low credibility
stpaulreporter.com,right-center,mixed,usa,website,minimal traffic,low credibility
southbirminghamtimes.com,right-center,mixed,usa,website,minimal traffic,low credibility
southfultontoday.com,right-center,mixed,usa,website,minimal traffic,low credibility
southoctimes.com,right-center,mixed,usa,website,minimal traffic,low credibility
southpimanews.com,right-center,mixed,usa,website,minimal traffic,low credibility
southsfvtoday.com,right-center,mixed,usa,website,minimal traffic,low credibility
stclairtoday.com,right-center,mixed,usa,website,minimal traffic,low credibility
strategic-culture.org,right,low,russia,website,medium traffic,low credibility
trumpstudents.org,right,mixed,usa,organization/foundation,minimal traffic,low credibility
sturgiscoldwaternews.com,right-center,mixed,usa,website,minimal traffic,low credibility
sunflowerstatenews.com,right-center,mixed,usa,website,minimal traffic,low credibility
sunshinesentinel.com,right-center,mixed,usa,website,minimal traffic,low credibility
sussexreview.com,right-center,mixed,usa,website,minimal traffic,low credibility
swalaskanews.com,right-center,mixed,usa,website,minimal traffic,low credibility
swarizonanews.com,right-center,mixed,usa,website,minimal traffic,low credibility
swarkansastimes.com,right-center,mixed,usa,website,minimal traffic,low credibility
swbluegrassnews.com,right-center,mixed,usa,website,minimal traffic,low credibility
swcoloradonews.com,right-center,mixed,usa,website,minimal traffic,low credibility
swconnnews.com,right-center,mixed,usa,website,minimal traffic,low credibility
swgeorgianews.com,right-center,mixed,usa,website,minimal traffic,low credibility
swindiananews.com,right-center,mixed,usa,website,minimal traffic,low credibility
swiowatimes.com,right-center,mixed,usa,website,minimal traffic,low credibility
swkansasnews.com,right-center,mixed,usa,website,minimal traffic,low credibility
swlouisiananews.com,right-center,mixed,usa,website,minimal traffic,low credibility
swminnesotatoday.com,right-center,mixed,usa,website,minimal traffic,low credibility
swmissnews.com,right-center,mixed,usa,website,minimal traffic,low credibility
swriversidenews.com,right-center,mixed,usa,website,minimal traffic,low credibility
swvalleytimes.com,right-center,mixed,usa,website,minimal traffic,low credibility
syriana-analysis.com,left,mixed,germany,website,minimal traffic,low credibility
tallahasseesun.com,right-center,mixed,usa,website,minimal traffic,low credibility
tamparepublic.com,right-center,mixed,usa,website,minimal traffic,low credibility
tbdailynews.com,right,mixed,usa,website,medium traffic,low credibility
techstartups.com,right-center,mixed,usa,website,medium traffic,low credibility
thebeardedpatriot.com,right,low,usa,website,minimal traffic,low credibility
thebeltwayreport.com,right,mixed,usa,website,minimal traffic,low credibility
thebl.com,right,mixed,usa,website,minimal traffic,low credibility
theblaze.com,right,mixed,usa,tv station,high traffic,low credibility
thebluestateconservative.com,right,low,usa,website,medium traffic,low credibility
theconservativecentral.com,right,low,unknown,website,minimal traffic,low credibility
conservativepapers.com,right,mixed,usa,website,minimal traffic,low credibility
thecovidworld.com,right,low,usa,website,minimal traffic,low credibility
thecountersignal.com,right,mixed,canada,website,medium traffic,low credibility
dailyboulder.com,left,mixed,usa,website,minimal traffic,low credibility
thedcpatriot.com,right,low,usa,website,medium traffic,low credibility
thedesertreview.com,right-center,mixed,usa,newspaper,medium traffic,low credibility
theduran.com,right,low,cyprus,website,medium traffic,low credibility
theepochtimes.com,right,mixed,usa,newspaper,high traffic,low credibility
thefederalist.com,right,mixed,usa,website,high traffic,low credibility
thefreedomtimes.com,right,low,usa,website,minimal traffic,low credibility
thegatewaypundit.com,right,low,usa,website,high traffic,low credibility
thejeffreylord.com,right,mixed,usa,website,minimal traffic,low credibility
thejewishvoice.com,right,mixed,usa,newspaper,medium traffic,low credibility
joerogan.com,right-center,mixed,usa,website/podcast,high traffic,low credibility
thelibertyloft.com,right,mixed,usa,website,medium traffic,low credibility
thelibertyrevolution.com,right,low,usa,website,medium traffic,low credibility
michiganindependent.com,left,mixed,usa,website,minimal traffic,low credibility
thenationalpulse.com,right,mixed,usa,website,medium traffic,low credibility
ohioindependent.com,left,mixed,usa,website,minimal traffic,low credibility
theohiostar.com,right,mixed,usa,website,minimal traffic,low credibility
other98.com,left,low,usa,organization/foundation,medium traffic,low credibility
thepatriotnation.net,right,low,usa,website,medium traffic,low credibility
thepostemail.com,right,mixed,usa,website,minimal traffic,low credibility
theproudliberal.org,left,mixed,usa,website,minimal traffic,low credibility
theragingpatriot.org,right,low,usa,website,minimal traffic,low credibility
rebelnews.com,right,mixed,canada,website,medium traffic,low credibility
thereligionofpeace.com,right,low,usa,website,minimal traffic,low credibility
remnantnewspaper.com,right,low,usa,newspaper,minimal traffic,low credibility
rfangle.com,right,mixed,usa,organization/foundation,minimal traffic,low credibility
theregionnews.com,right-center,mixed,usa,website,minimal traffic,low credibility
therightscoop.com,right,mixed,canada,website,medium traffic,low credibility
therightstuff.biz,right,low,usa,website,medium traffic,low credibility
sciencetimes.com,right-center,mixed,usa,website,medium traffic,low credibility
thescoop.us,right,mixed,usa,website,minimal traffic,low credibility
sonsoflibertymedia.com,right,low,usa,website – organization/foundation,minimal traffic,low credibility
thespectator.info,right,low,usa,website,minimal traffic,low credibility
tennesseestar.com,right,mixed,usa,website,minimal traffic,low credibility
tehrantimes.com,right,mixed,iran,newspaper,high traffic,low credibility
thetruedefender.com,right,low,usa,website,medium traffic,low credibility
thetruereporter.com,right,low,usa,website,medium traffic,low credibility
unz.com,right,low,usa,website,medium traffic,low credibility
warrensun.com,right-center,mixed,usa,website,minimal traffic,low credibility
wisconsinindependent.com,left,mixed,usa,website,minimal traffic,low credibility
thumbreporter.com,right-center,mixed,usa,website,minimal traffic,low credibility
toddstarnes.com,right,mixed,usa,website,medium traffic,low credibility
toofab.com,left,mixed,usa,website,high traffic,low credibility
topekasun.com,right-center,mixed,usa,website,minimal traffic,low credibility
townhall.com,right,mixed,usa,website,high traffic,low credibility
tplnews.com,left,mixed,usa,website,minimal traffic,low credibility
treasurecoastsun.com,right-center,mixed,usa,website,minimal traffic,low credibility
treasurevalleytimes.com,right-center,mixed,usa,website,minimal traffic,low credibility
trendingpoliticsnews.com,right,mixed,usa,website,medium traffic,low credibility
tricitysun.com,right-center,mixed,usa,website,minimal traffic,low credibility
trump.news,right,low,usa,website,minimal traffic,low credibility
trumptrainnews.com,right,mixed,usa,website,medium traffic,low credibility
truthandaction.org,right,low,usa,website,minimal traffic,low credibility
truthinmedia.com,right,low,usa,website,minimal traffic,low credibility
truthpress.com,right,low,usa,website,medium traffic,low credibility
tucsonstandard.com,right-center,mixed,usa,website,minimal traffic,low credibility
tularetimes.com,right-center,mixed,usa,website,minimal traffic,low credibility
tpusa.com,right,low,usa,organization/foundation,minimal traffic,low credibility
tuscaloosaleader.com,right-center,mixed,usa,website,minimal traffic,low credibility
uncoverdc.com,right,low,usa,website,medium traffic,low credibility
understandingthethreat.com,right,low,usa,organization/foundation,minimal traffic,low credibility
uniteamericafirst.com,right,low,usa,website,minimal traffic,low credibility
unitynewsnetwork.co.uk,right,mixed,united kingdom,website,minimal traffic,low credibility
unmuzzlednews.com,right,mixed,usa,website,medium traffic,low credibility
upgazette.com,right-center,mixed,usa,website,minimal traffic,low credibility
upperdeltanews.com,right-center,mixed,usa,website,minimal traffic,low credibility
usbacklash.org,right,low,usa,website,minimal traffic,low credibility
usareally.com,right,low,russia,website,minimal traffic,low credibility
usasupreme.com,right,low,unknown,website,minimal traffic,low credibility
ussanews.com,right,low,usa,website,medium traffic,low credibility
vancouvertimes.org,right,mixed,canada,website,medium traffic,low credibility
patriotfront.us,right,low,usa,organization/foundation,minimal traffic,low credibility
vdare.com,right,low,usa,organization/foundation,medium traffic,low credibility
verdugosnews.com,right-center,mixed,usa,website,minimal traffic,low credibility
victorvalleytimes.com,right-center,mixed,usa,website,minimal traffic,low credibility
vidmax.com,right,low,cyprus,website,medium traffic,low credibility
thevirginiastar.com,right,mixed,usa,website,minimal traffic,low credibility
visiontimes.com,right,mixed,usa,website,medium traffic,low credibility
wallbuilders.com,right,low,usa,organization/foundation,minimal traffic,low credibility
waronfakes.com,right,low,russia,website,minimal traffic,low credibility
warnerrobinstoday.com,right-center,mixed,usa,website,minimal traffic,low credibility
warroom.org,right,low,usa,website,medium traffic,low credibility
washingtonsources.org,left-center,mixed,usa,website,minimal traffic,low credibility
washingtontimes.com,right-center,mixed,usa,newspaper,high traffic,low credibility
waterfordtoday.com,right-center,mixed,usa,website,minimal traffic,low credibility
waterlootimes.com,right-center,mixed,usa,website,minimal traffic,low credibility
waynedupree.com,right,low,usa,website,medium traffic,low credibility
wcgeorgianews.com,right-center,mixed,usa,website,minimal traffic,low credibility
wcindiananews.com,right-center,mixed,usa,website,minimal traffic,low credibility
wciowanews.com,right-center,mixed,usa,website,minimal traffic,low credibility
wcminnesotanews.com,right-center,mixed,usa,website,minimal traffic,low credibility
wcmissnews.com,right-center,mixed,usa,website,minimal traffic,low credibility
weibo.com,left,mixed,china,website,high traffic,low credibility
westatlantanews.com,right-center,mixed,usa,website,minimal traffic,low credibility
wethepeopledaily.com,right,low,usa,website,minimal traffic,low credibility
westbanklanews.com,right-center,mixed,usa,website,minimal traffic,low credibility
wcalabamanews.com,right-center,mixed,usa,website,minimal traffic,low credibility
wcmichigannews.com,right-center,mixed,usa,website,minimal traffic,low credibility
westcentralreporter.com,right-center,mixed,usa,website,minimal traffic,low credibility
westcontracostanews.com,right-center,mixed,usa,website,minimal traffic,low credibility
westcooknews.com,right-center,mixed,usa,website,minimal traffic,low credibility
westdsmnews.com,right-center,mixed,usa,website,minimal traffic,low credibility
westeldoradonews.com,right-center,mixed,usa,website,minimal traffic,low credibility
westernwaynetoday.com,right-center,mixed,usa,website,minimal traffic,low credibility
westflnews.com,right-center,mixed,usa,website,minimal traffic,low credibility
westhillsboroughnews.com,right-center,mixed,usa,website,minimal traffic,low credibility
westindynews.com,right-center,mixed,usa,website,minimal traffic,low credibility
westernjournal.com,right,mixed,usa,website,minimal traffic,low credibility
westlatimes.com,right-center,mixed,usa,website,minimal traffic,low credibility
westmassnews.com,right-center,mixed,usa,website,minimal traffic,low credibility
westoctimes.com,right-center,mixed,usa,website,minimal traffic,low credibility
westpennyroyalnews.com,right-center,mixed,usa,website,minimal traffic,low credibility
westsbvtimes.com,right-center,mixed,usa,website,minimal traffic,low credibility
westsfvtoday.com,right-center,mixed,usa,website,minimal traffic,low credibility
westsgvnews.com,right-center,mixed,usa,website,minimal traffic,low credibility
westtwincities.com,right-center,mixed,usa,website,minimal traffic,low credibility
westventuranews.com,right-center,mixed,usa,website,minimal traffic,low credibility
westvolusianews.com,right-center,mixed,usa,website,minimal traffic,low credibility
whatfinger.com,right,low,usa,website,medium traffic,low credibility
wichitastandard.com,right-center,mixed,usa,website,minimal traffic,low credibility
willcountygazette.com,right-center,mixed,usa,website,minimal traffic,low credibility
winecountrytimes.com,right-center,mixed,usa,website,minimal traffic,low credibility
wiregrasstimes.com,right-center,mixed,usa,website,minimal traffic,low credibility
wisconsinlaketimes.com,left-center,mixed,usa,website,minimal traffic,low credibility
thepublicdiscourse.com,right,low,usa,organization/foundation,minimal traffic,low credibility
wndnewscenter.org,right,low,usa,organization/foundation,minimal traffic,low credibility
womenarehuman.com,right,mixed,usa,website,minimal traffic,low credibility
wnd.com,right,low,usa,website,medium traffic,low credibility
wn.com,neutral,mixed,usa,website,minimal traffic,low credibility
worldstarhiphop.com,left,mixed,usa,website,high traffic,low credibility
worldtribune.com,right,low,usa,website,minimal traffic,low credibility
wyandottetimes.com,right-center,mixed,usa,website,minimal traffic,low credibility
news.cn,left,mixed,china,news agency,high traffic,low credibility
xinhuanet.com,left,mixed,china,news agency,high traffic,low credibility
yavapainews.com,right-center,mixed,usa,website,minimal traffic,low credibility
yellowhammertimes.com,right-center,mixed,usa,website,minimal traffic,low credibility
yaliberty.org,right,low,usa,organization/foundation,minimal traffic,low credibility
yc.news,right,mixed,usa,website,minimal traffic,low credibility
yournews.com,right,mixed,usa,website,medium traffic,low credibility
yubasuttertimes.com,right-center,mixed,usa,website,minimal traffic,low credibility
z3news.com,right,low,usa,website,minimal traffic,low credibility
airspacemag.com,neutral,high,usa,magazine,medium traffic,high credibility
cornell.edu,neutral,high,usa,organization/foundation,high traffic,high credibility
aap.org,neutral,high,usa,organization/foundation,medium traffic,high credibility
aaas.org,neutral,high,usa,organization/foundation,medium traffic,high credibility
cancer.org,neutral,high,usa,organization/foundation,high traffic,high credibility
agu.org,neutral,high,usa,organization/foundation,medium traffic,high credibility
ajaonline.org,neutral,high,usa,journal,minimal traffic,high credibility
aphapublications.org,neutral,high,usa,journal,medium traffic,high credibility
lung.org,neutral,high,usa,organization/foundation,medium traffic,high credibility
ama-assn.org,neutral,high,usa,organization/foundation,high traffic,high credibility
aps.org,neutral,high,usa,organization/foundation,medium traffic,high credibility
psychiatry.org,neutral,high,usa,organization/foundation,medium traffic,high credibility
apsa.org,neutral,high,usa,organization/foundation,minimal traffic,high credibility
americanscientist.org,neutral,high,usa,magazine,medium traffic,high credibility
archaeology.org,neutral,high,usa,magazine,medium traffic,high credibility
astronomy.com,neutral,high,usa,magazine,medium traffic,high credibility
skeptics.com.au,neutral,high,australia,website,minimal traffic,high credibility
autisticadvocacy.org,neutral,high,usa,organization/foundation,minimal traffic,high credibility
sciencefocus.com,neutral,high,united kingdom,magazine,medium traffic,high credibility
biomedcentral.com,neutral,high,united kingdom,organization/foundation,medium traffic,high credibility
biospace.com,neutral,mixed,usa,website,medium traffic,high credibility
bio.org,neutral,high,usa,organization/foundation,minimal traffic,high credibility
carbonbrief.org,left-center,high,united kingdom,website,medium traffic,high credibility
cdc.gov,neutral,high,usa,organization/foundation,high traffic,high credibility
climateactiontracker.org,neutral,high,germany,organization/foundation,medium traffic,high credibility
climatecentral.org,neutral,high,usa,website,medium traffic,high credibility
climatefeedback.org,neutral,high,france,organization/foundation,medium traffic,high credibility
climatesciencewatch.org,neutral,high,usa,organization/foundation,medium traffic,high credibility
cochrane.org,neutral,high,united kingdom,organization/foundation,high traffic,high credibility
consumerlab.com,neutral,high,usa,website,medium traffic,high credibility
contagionlive.com,neutral,high,usa,journal,medium traffic,high credibility
cosmosmagazine.com,neutral,high,australia,magazine,medium traffic,high credibility
covid.gov,neutral,high,usa,organization/foundation,high traffic,high credibility
disabilityscoop.com,neutral,high,usa,website,minimal traffic,high credibility
discovermagazine.com,neutral,high,usa,magazine,medium traffic,high credibility
drugs.com,neutral,high,new zealand,website,high traffic,high credibility
earthsky.org,neutral,high,usa,website,medium traffic,high credibility
britannica.com,neutral,high,usa,website,high traffic,high credibility
eurekalert.org,neutral,high,usa,organization/foundation,medium traffic,high credibility
everydayhealth.com,neutral,high,usa,website,high traffic,high credibility
fas.org,neutral,high,usa,organization/foundation,medium traffic,high credibility
frontiersin.org,neutral,mixed,switzerland,journals,high traffic,high credibility
futurism.com,neutral,mixed,usa,website,medium traffic,high credibility
genengnews.com,neutral,high,usa,website,medium traffic,high credibility
geneticliteracyproject.org,neutral,high,usa,organization/foundation,medium traffic,high credibility
healio.com,neutral,high,usa,website,medium traffic,high credibility
healthaffairs.org,neutral,high,usa,organization/foundation,medium traffic,high credibility
healthline.com,neutral,mixed,usa,website,high traffic,high credibility
ieee.org,neutral,high,usa,organization/foundation,high traffic,high credibility
healthdata.org,neutral,high,usa,organization/foundation,medium traffic,high credibility
issues.org,neutral,high,usa,journal,minimal traffic,high credibility
hopkinsmedicine.org,neutral,high,usa,organization/foundation,high traffic,high credibility
livescience.com,neutral,high,usa,website,high traffic,high credibility
mdpi.com,neutral,mixed,switzerland,journal,minimal traffic,medium credibility
medicalnewstoday.com,neutral,high,united kingdom,website,high traffic,high credibility
medpagetoday.com,neutral,high,usa,website,mediumtraffic,high credibility
mentaldaily.com,neutral,high,usa,website,minimal traffic,high credibility
nationalgeographic.com,neutral,high,usa,magazine,high traffic,high credibility
nature.com,neutral,high,united kingdom,journal,high traffic,high credibility
newatlas.com,neutral,high,usa,website,high traffic,high credibility
nejm.org,neutral,high,usa,journal,high traffic,high credibility
news-medical.net,neutral,mixed,australia,website,high traffic,high credibility
paho.org,neutral,high,usa,organization/foundation,medium traffic,high credibility
psychcentral.com,neutral,high,usa,website,high traffic,high credibility
psychologytoday.com,neutral,high,usa,magazine,high traffic,high credibility
psypost.org,neutral,high,usa,website,medium traffic,high credibility
nih.gov,neutral,high,usa,website/journal,high traffic,high credibility
researchgate.net,neutral,high,germany,website,high traffic,high credibility
resourcewatch.org,neutral,high,usa,organization/foundation,minimal traffic,high credibility
sciencedirect.com,neutral,high,netherlands,website,high traffic,high credibility
sciencefeedback.co,neutral,high,france,organization/foundation,minimal traffic,high credibility
scienceillustrated.com.au,neutral,high,australia,website/magazine,minimal traffic,high credibility
sciencealert.com,neutral,high,australia,website,high traffic,high credibility
scientificamerican.com,left-center,high,usa,magazine,high traffic,high credibility
scitechdaily.com,neutral,high,usa,website,high traffic,medium credibility
ucsd.edu,neutral,high,usa,organization/foundation,medium traffic,high credibility
singularityhub.com,neutral,high,usa,website,medium traffic,high credibility
aip.org,neutral,high,usa,organization/foundation,medium traffic,high credibility
thelancet.com,neutral,high,united kingdom,journal,high traffic,high credibility
thelogicofscience.com,neutral,high,usa,website,minimal traffic,high credibility
the-scientist.com,neutral,high,usa,magazine,medium traffic,high credibility
skepdic.com,neutral,high,usa,website,minimal traffic,high credibility
blogspot.com,neutral,high,usa,website,minimal traffic,high credibility
unep.org,neutral,high,kenya,organization/foundation,medium traffic,high credibility
universetoday.com,neutral,high,canada,website,medium traffic,high credibility
ornl.gov,neutral,high,usa,website,medium traffic,high credibility
vaxopedia.org,neutral,high,usa,website,minimal traffic,high credibility
verywellhealth.com,neutral,high,usa,website,high traffic,high credibility
verywellfamily.com,neutral,high,usa,website,high traffic,high credibility
verywellfit.com,neutral,high,usa,website,high traffic,high credibility
webmd.com,neutral,high,usa,website,high traffic,high credibility
who.int,neutral,high,switzerland,organization/foundation,high traffic,high credibility
wmo.int,neutral,high,switzerland,organization/foundation,medium traffic,high credibility
zmescience.com,neutral,high,romania,website,medium traffic,high credibility
courier-tribune.com,neutral,high,usa (44/180 press freedom),website,minimal traffic,high credibility
cpac.ca,neutral,high,canada (14/180 press freedom),tv station,minimal traffic,high credibility
law.com,neutral,high,usa (44/180 press freedom),website,medium traffic,high credibility
federaltimes.com,neutral,high,usa (44/180 press freedom),website/magazine,minimal traffic,high credibility
healthcarefinancenews.com,neutral,high,usa (44/180 press freedom),website,minimal traffic,high credibility
iea.org,neutral,high,france (34/180 press freedom),organization/foundation,medium traffic,high credibility
knowyourmeme.com,neutral,high,usa (44/180 press freedom),website,high traffic,high credibility
leadstories.com,neutral,high,usa (44/180 press freedom),website,medium traffic,high credibility
memeorandum.com,neutral,mixed,usa (44/180 press freedom),website,medium traffic,medium credibility
military.com,neutral,high,usa (44/180 press freedom),website,high traffic,high credibility
militarytimes.com,neutral,high,usa (45/180 press freedom),newspaper,high traffic,high credibility
nber.org,neutral,high,usa (45/180 press freedom),organization/foundation,medium traffic,high credibility
followthemoney.org,neutral,high,usa (44/180 press freedom),organization/foundation,medium traffic,high credibility
nationmaster.com,neutral,high,australia (25/180 press freedom),website,medium traffic,high credibility
necn.com,neutral,high,usa (44/180 press freedom),tv station,medium traffic,high credibility
newslookup.com,neutral,mixed,usa (44/180 press freedom),website,minimal traffic,medium credibility
nolabels.org,neutral,high,usa (44/180 press freedom),organization/foundation,minimal traffic,high credibility
noozhawk.com,neutral,high,usa (44/180 press freedom),website,medium traffic,high credibility
patch.com,neutral,high,usa (44/180 press freedom),website,high traffic,high credibility
patheos.com,neutral,mixed,usa (44/180 press freedom),website,medium traffic,medium credibility
piie.com,neutral,high,usa (44/180 press freedom),organization/foundation,medium traffic,high credibility
placesjournal.org,neutral,high,usa (45/180 press freedom),organization/foundation,minimal traffic,high credibility
poynter.org,neutral,high,usa (45/180 press freedom),organization/foundation,medium traffic,high credibility
prnewswire.com,neutral,high,usa (44/180 press freedom),news agency,high traffic,high credibility
procon.org,neutral,high,usa (44/180 press freedom),organization/foundation,medium traffic,high credibility
rsf.org,neutral,high,france (34/180 press freedom),organization/foundation,medium traffic,high credibility
reporterslab.org,neutral,high,usa (45/180 press freedom),website,minimal traffic,high credibility
riverbender.com,neutral,high,usa (45/180 press freedom),website,medium traffic,high credibility
rollcall.com,neutral,high,usa (44/180 press freedom),newspaper,medium traffic,high credibility
sayfiereview.com,neutral,high,usa (44/180 press freedom),website,minimal traffic,high credibility
scotusblog.com,neutral,high,usa (45/180 press freedom),organization/foundation,medium traffic,high credibility
siouxcityjournal.com,left-center,high,usa (44/180 press freedom),newspaper,medium traffic,high credibility
smartnews.com,neutral,mixed,japan (67/180 press freedom),website,high traffic,medium credibility
southbendtribune.com,neutral,high,usa (44/180 press freedom),newspaper,medium traffic,high credibility
sun-sentinel.com,neutral,high,usa (44/180 press freedom),newspaper,high traffic,high credibility
swtimes.com,neutral,high,usa (44/180 press freedom),website,medium traffic,high credibility
stripes.com,neutral,high,usa (44/180 press freedom),newspaper,medium traffic,high credibility
statesmanjournal.com,neutral,high,usa (44/180 press freedom),newspaper,medium traffic,high credibility
texasstandard.org,neutral,high,usa (44/180 press freedom),radio station,medium traffic,high credibility
thecipherbrief.com,neutral,high,usa (44/180 press freedom),website,minimal traffic,high credibility
theconversation.com,neutral,high,australia (26/180 press freedom),website,high traffic,high credibility
defconwarningsystem.com,neutral,high,usa (44/180 press freedom),website,minimal traffic,high credibility
memepoliceman.com,neutral,mixed,usa (44/180 press freedom),website,minimal traffic,high credibility
newslit.org,neutral,high,usa (44/180 press freedom),organization/foundation,minimal traffic,high credibility
waff.com,neutral,high,usa (44/180 press freedom),tv station,medium traffic,high credibility
wcjb.com,neutral,high,usa (44/180 press freedom),tv station,medium traffic,high credibility
americablog.com,left,high,usa,website,minimal traffic,high credibility
joebiden.com,left,mixed,usa (44/180 press freedom),website,medium traffic,high credibility
leftfootforward.org,left-center,mixed,united kingdom (44/180 press freedom),website,minimal traffic,medium credibility
leftvoice.org,left,mixed,usa (44/180 press freedom),website,minimal traffic,medium credibility
libcom.org,left,mixed,usa (44/180 press freedom),website,medium traffic,medium credibility
liberationnews.org,left,mixed,usa (44/180 press freedom),website,minimal traffic,medium credibility
mainebeacon.com,left,high,usa (44/180 press freedom),organization/foundation,minimal traffic,high credibility
merryjane.com,left,mixed,usa (45/180 press freedom),website,medium traffic,medium credibility
miaminewtimes.com,left-center,high,usa (45/180 press freedom),newspaper,minimal traffic,high credibility
muncievoice.com,left,mixed,usa (44/180 press freedom),website,minimal traffic,medium credibility
msmagazine.com,left,high,usa (44/180 press freedom),magazine,medium traffic,high credibility
nrdc.org,left,mixed,usa (44/180 press freedom),organization/foundation,medium traffic,high credibility
newstatesman.com,left-center,high,united kingdom (33/180 press freedom),magazine,medium traffic,high credibility
newsone.com,left,mixed,usa (44/180 press freedom),website,medium traffic,high credibility
opednews.com,left,mixed,usa (45/180 press freedom),website,minimal traffic,medium credibility
pfaw.org,left,mixed,usa (44/180 press freedom),organization/foundation,minimal traffic,medium credibility
people.com,left,high,usa (44/180 press freedom),magazine,high traffic,high credibility
projectcensored.org,left,high,usa (44/180 press freedom),organization/foundation,minimal traffic,high credibility
queerty.com,left,high,usa (44/180 press freedom),website,medium traffic,high credibility
rsn.org,left,mixed,usa (44/180 press freedom),website,minimal traffic,low credibility
readingthepictures.org,left,mixed,usa (44/180 press freedom),organization/foundation,minimal traffic,medium credibility
refinery29.com,left,mixed,usa (45/180 press freedom),website,high traffic,high credibility
rightwingwatch.org,left,high,usa (44/180 press freedom),organization/foundation,medium traffic,high credibility
trofire.com,left,mixed,usa (44/180 press freedom),radio station/website,minimal traffic,medium credibility
scarymommy.com,left,mixed,usa (45/180 press freedom),website,medium traffic,medium credibility
shadowproof.com,left,high,usa (44/180 press freedom),website,minimal traffic,high credibility
smirkingchimp.com,left,mixed,usa (44/180 press freedom),website,medium traffic,medium credibility
stpete4peace.org,left,mixed,usa (45/180 press freedom),website,minimal traffic,medium credibility
advocate.com,left,high,usa (44/180 press freedom),magazine,medium traffic,high credibility
thebaffler.com,left,high,usa (44/180 press freedom),magazine,medium traffic,high credibility
theburningspear.com,left,high,usa (44/180 press freedom),newspaper,medium traffic,high credibility
climaterealityproject.org,left,mixed,usa (45/180 press freedom),organization/foundation,medium traffic,high credibility
dworkinreport.com,left,mixed,usa (45/180 press freedom),website,minimal traffic,medium credibility
thefloridasqueeze.com,left,mixed,usa (44/180 press freedom),website,minimal traffic,medium credibility
americanpublicmedia.org,left-center,high,usa (44/180 press freedom),organization/foundation,minimal traffic,high credibility
cleantechnica.com,left-center,high,usa (45/180 press freedom),website,medium traffic,high credibility
emptywheel.net,left-center,high,usa (44/180 press freedom),website,medium traffic,high credibility
justsecurity.org,left-center,high,usa (45/180 press freedom),organization/foundation,medium traffic,high credibility
koco.com,left-center,high,usa (44/180 press freedom),tv station,medium traffic,high credibility
kurdistan24.net,left-center,mixed,usa (44/180 press freedom),website,medium traffic,medium credibility
latintimes.com,left-center,high,usa (44/180 press freedom),website,medium traffic,high credibility
kentucky.com,left-center,high,usa (45/180 press freedom),newspaper,medium traffic,high credibility
lifehacker.com,left-center,mixed,usa (44/180 press freedom),website,high traffic,high credibility
mediafiledc.com,left-center,high,usa (44/180 press freedom),newspaper,minimal traffic,high credibility
metro.us,left-center,high,usa (45/180 press freedom),newspaper,minimal traffic,high credibility
jsonline.com,left-center,high,usa (44/180 press freedom),newspaper,medium traffic,high credibility
startribune.com,left-center,high,usa (44/180 press freedom),newspaper,high traffic,high credibility
natmonitor.com,left-center,high,usa (44/180 press freedom),website,minimal traffic,high credibility
newsandguts.com,left-center,mixed,usa (44/180 press freedom),website,medium traffic,high credibility
niskanencenter.org,left-center,high,usa (44/180 press freedom),organization/foundation,mediumtraffic,high credibility
openthegovernment.org,left-center,mixed,usa (45/180 press freedom),organization/foundation,minimal traffic,medium credibility
outsidethebeltway.com,left-center,high,usa (44/180 press freedom),website,minimal traffic,high credibility
ozy.com,left-center,high,usa (44/180 press freedom),website,medium traffic,high credibility
positive.news,left-center,high,united kingdom (33/180 press freedom),magazine,minimal traffic,high credibility
relevantmagazine.com,left-center,high,usa (44/180 press freedom),magazine,medium traffic,high credibility
religionnews.com,left-center,high,usa (44/180 press freedom),organization/foundation,medium traffic,high credibility
sacbee.com,left-center,high,usa (44/180 press freedom),newspaper,high traffic,high credibility
sfchronicle.com,left-center,high,usa (44/180 press freedom),newspaper,high traffic,high credibility
mercurynews.com,left-center,high,usa (44/180 press freedom),newspaper,high traffic,high credibility
independent.com,left-center,high,usa (44/180 press freedom),website,medium traffic,high credibility
saudigazette.com.sa,left-center,mixed,saudi arabia (170/180 press freedom),newspaper,medium traffic,medium credibility
sfgate.com,left-center,high,usa (44/180 press freedom),website,high traffic,high credibility
sojo.net,left-center,high,usa (45/180 press freedom),organization/foundation,medium traffic,high credibility
sootoday.com,left-center,high,canada (14/180 press freedom),website,medium traffic,high credibility
spiegel.de,left-center,high,germany (11/180 press freedom),website,high traffic,high credibility
statnews.com,left-center,high,usa (44/180 press freedom),website,high traffic,high credibility
stepfeed.com,left-center,mixed,united arab emirates (132/180 press freedom),website,medium traffic,medium credibility
syriahr.com,left-center,mixed,usa (45/180 press freedom),organization/foundation,medium traffic,high credibility
taxjustice.net,left-center,high,united kingdom (33/180 press freedom),organization/foundation,minimal traffic,high credibility
taxpolicycenter.org,left-center,high,usa (44/180 press freedom),organization/foundation,medium traffic,high credibility
techcrunch.com,left-center,high,usa (44/180 press freedom),website,high traffic,high credibility
texasmonthly.com,left-center,high,usa (44/180 press freedom),magazine,medium traffic,high credibility
augustachronicle.com,left-center,high,usa (44/180 press freedom),newspaper,medium traffic,high credibility
thebureauinvestigates.com,left-center,high,united kingdom (35/180 press freedom),organization/foundation,medium traffic,high credibility
thecitizen.org.au,left-center,high,australia (26/180 press freedom),organization/foundation,minimal traffic,high credibility
courier-journal.com,left-center,high,usa (45/180 press freedom),newspaper,medium traffic,high credibility
daltondailycitizen.com,left-center,high,usa (44/180 press freedom),newspaper,medium traffic,high credibility
dailyhive.com,left-center,mixed,canada (14/180 press freedom),website,high traffic,high credibility
dailytarheel.com,left-center,high,usa (44/180 press freedom),newspaper,medium traffic,high credibility
theday.com,left-center,high,usa (44/180 press freedom),newspaper,medium traffic,high credibility
ecfr.eu,left-center,high,germany (13/180 press freedom),organization/foundation,medium traffic,high credibility
heraldnet.com,left-center,high,usa (44/180 press freedom),newspaper,medium traffic,high credibility
indianexpress.com,left-center,mixed,india (142/180 press freedom),newspaper,high traffic,medium credibility
alaraby.co.uk,left-center,mixed,united kingdom(33/180 press freedom),website,medium traffic,high credibility
thenewtropic.com,left-center,high,usa (44/180 press freedom),website,minimal traffic,high credibility
thecjn.ca,right-center,high,canada (14/180 press freedom),organization/foundation,minimal traffic,high credibility
taxpayer.com,right-center,high,canada (14/180 press freedom),organization/foundation,medium traffic,high credibility
detroitnews.com,right-center,high,usa (44/180 press freedom),newspaper,high traffic,high credibility
justfactsdaily.com,right-center,mixed,usa (44/180 press freedom),website,minimal traffic,medium credibility
koreaherald.com,right-center,mixed,south korea (42/180 press freedom),newspaper,medium traffic,high credibility
reviewjournal.com,right-center,high,usa (44/180 press freedom),newspaper,high traffic,high credibility
nikkei.com,right-center,high,japan (67/180 press freedom),magazine,high traffic,high credibility
ottawacitizen.com,right-center,high,canada (14/180 press freedom),newspaper,medium traffic,high credibility
post-gazette.com,right-center,high,usa (44/180 press freedom),newspaper,high traffic,high credibility
triblive.com,right-center,high,usa (44/180 press freedom),newspaper,high traffic,high credibility
rstreet.org,right-center,high,usa (44/180 press freedom),organization/foundation,minimal traffic,high credibility
realclearinvestigations.com,right-center,mixed,usa (44/180 press freedom),website,medium traffic,high credibility
valleynewslive.com,neutral,high,usa (45/180 press freedom),tv station,medium traffic,high credibility
remingtonresearchgroup.com,right-center,high,usa (44/180 press freedom),website,minimal traffic,high credibility
republicworld.com,right-center,mixed,india (142/180 press freedom),tv station,high traffic,low credibility
sofrep.com,right-center,mixed,usa (45/180 press freedom),website,medium traffic,high credibility
twincities.com,right-center,high,usa (44/180 press freedom),newspaper,medium traffic,high credibility
studentnewsdaily.com,right-center,mixed,usa (45/180 press freedom),organization/foundation,minimal traffic,medium credibility
tallahassee.com,right-center,high,usa (45/180 press freedom),website,,high credibility
thebrunswicknews.com,right-center,high,usa (44/180 press freedom),newspaper,medium traffic,high credibility
citizen.co.za,right-center,high,south africa (32/180 press freedom),newspaper,medium traffic,high credibility
jpost.com,right-center,high,israel,newspaper,high traffic,high credibility
jewishpress.com,right-center,high,usa (45/180 press freedom),newspaper,medium traffic,high credibility
nation.com.pk,right-center,mixed,pakistan (145/180 press freedom),newspaper,medium traffic,medium credibility
thenewatlantis.com,right-center,high,usa (44/180 press freedom),journal,minimal traffic,high credibility
altnewsmedia.net,right,mixed,united kingdom (33/180 press freedom),website,minimal traffic,low credibility
bizpacreview.com,right,mixed,usa (44/180 press freedom),website,medium traffic,medium credibility
dailyreckoning.com,right,mixed,usa (44/180 press freedom),website,medium traffic,medium credibility
intellectualtakeout.org,right,mixed,usa (44/180 press freedom),organization/foundation,medium traffic,high credibility
investors.com,right,mixed,usa (45/180 press freedom),newspaper,high traffic,medium credibility
legalinsurrection.com,right,mixed,usa (44/180 press freedom),website,medium traffic,high credibility
manhattan-institute.org,right,mixed,usa (44/180 press freedom),organization/foundation,medium traffic,medium credibility
nationalreview.com,right,mixed,usa (44/180 press freedom),magazine,high traffic,high credibility
openvaers.com,right,mixed,unknown,website,medium traffic,medium credibility
ricochet.com,right,mixed,usa (44/180 press freedom),website,minimal traffic,medium credibility
sentinelksmo.org,right,mixed,usa (44/180 press freedom),organization/foundation,minimal traffic,medium credibility
sbgi.net,right,mixed,usa (44/180 press freedom),tv stations,high traffic,medium credibility
spiked-online.com,right,mixed,united kingdom (33/180 press freedom),magazine,medium traffic,medium credibility
americanmind.org,right-center,mixed,usa (44/180 press freedom),website,medium traffic,medium credibility
conservativewoman.co.uk,right,mixed,united kingdom (33/180 press freedom),website,medium traffic,medium credibility
activistpost.com,left,low,unknown,website,medium traffic,low credibility
geopolitics.co,left-center,mixed,usa (45/180 press freedom),website,minimal traffic,low credibility
jesus-is-savior.com,right,low,usa (44/180 press freedom),website,medium traffic,low credibility
mediafactwatch.com,right,low,usa (44/180 press freedom),website,minimal traffic,low credibility
naturalsociety.com,left,mixed,usa (44/180 press freedom),website,minimal traffic,low credibility
neonnettle.com,right,low,united kingdom (35/180 press freedom),website,medium traffic,low credibility
newamericannews.com,right,low,usa (45/180 press freedom),website,minimal traffic,low credibility
qanon.pub,right,low,usa (44/180 press freedom),website,medium traffic,low credibility
realnews24.com,left,low,germany (13/180 press freedom),website,minimal traffic,low credibility
redoubtnews.com,right,mixed,usa (45/180 press freedom),website,minimal traffic,low credibility
rense.com,right,low,usa (44/180 press freedom),website,medium traffic,low credibility
space.news,right,low,usa (44/180 press freedom),website,minimal traffic,low credibility
swprs.org,right,mixed,unknown,website,medium traffic,low credibility
theautomaticearth.com,right,low,usa (44/180 press freedom),website,minimal traffic,low credibility
corbettreport.com,right,low,japan (66/180 press freedom),website,medium traffic,low credibility
eutimes.net,right,low,unknown,website,minimal traffic,low credibility
thefullertoninformer.com,right,low,usa (44/180 press freedom),website,minimal traffic,low credibility
thelibertybeacon.com,right,low,usa (44/180 press freedom),website,medium traffic,low credibility
whatreallyhappened.com,right,low,usa (44/180 press freedom),website,medium traffic,low credibility
worlddoctorsalliance.com,right,low,unknown,organization/foundation,minimal traffic,low credibility
2020conservative.com,right,low,unknown,website,minimal traffic,low credibility
bluntforcetruth.com,right,low,usa (44/180 press freedom),website,minimal traffic,low credibility
breakingfirst.com,right,low,unknown,website,minimal traffic,low credibility
c19aspirin.com,right,mixed,unknown,website,minimal traffic,low credibility
c19bromhexine.com,right,mixed,unknown,website,minimal traffic,low credibility
c19budesonide.com,right,mixed,unknown,website,minimal traffic,low credibility
c19colchicine.com,right,mixed,unknown,website,minimal traffic,low credibility
c19curcumin.com,right,mixed,unknown,website,minimal traffic,low credibility
c19ly.com,right,mixed,unknown,website,minimal traffic,low credibility
c19favipiravir.com,right,mixed,unknown,website,minimal traffic,low credibility
c19fluvoxamine.com,right,mixed,unknown,website,minimal traffic,low credibility
c19hcq.com,right,mixed,unknown,website,minimal traffic,low credibility
c19ic.com,right,mixed,unknown,website,minimal traffic,low credibility
c19ivermectin.com,right,mixed,unknown,website,minimal traffic,low credibility
c19melatonin.com,right,mixed,unknown,website,minimal traffic,low credibility
c19mp.com,right,mixed,unknown,website,minimal traffic,low credibility
c19nitazoxanide.com,right,mixed,unknown,website,minimal traffic,low credibility
c19ns.com,right,mixed,unknown,website,minimal traffic,low credibility
c19proxalutamide.com,right,mixed,unknown,website,minimal traffic,low credibility
c19pvpi.com,right,mixed,unknown,website,minimal traffic,low credibility
c19quercetin.com,right,mixed,unknown,website,minimal traffic,low credibility
c19regn.com,right,mixed,unknown,website,minimal traffic,low credibility
c19rmd.com,right,mixed,unknown,website,minimal traffic,low credibility
c19sv.com,right,mixed,unknown,website,minimal traffic,low credibility
c19vitaminc.com,right,mixed,unknown,website,minimal traffic,low credibility
c19vitamind.com,right,mixed,unknown,website,minimal traffic,low credibility
c19zinc.com,right,mixed,unknown,website,minimal traffic,low credibility
centennialstatenews.com,right-center,mixed,usa (44/180 press freedom),website,minimal traffic,low credibility
constative.com,right-center,mixed,unknown,website,high traffic,low credibility
c19early.com,right,mixed,unknown,website,medium traffic,low credibility
cowgernation.com,right,mixed,usa (44/180 press freedom),website,minimal traffic,low credibility
dailysurge.com,right,low,usa (44/180 press freedom),website,minimal traffic,low credibility
firstinfreedomdaily.com,right,mixed,usa (44/180 press freedom),website,minimal traffic,low credibility
free-speechfront.info,right,low,unknown,website,minimal traffic,low credibility
ipatriot.com,right,mixed,usa (44/180 press freedom),website,minimal traffic,low credibility
ivmmeta.com,right,mixed,unknown,website,medium traffic,low credibility
knightstemplarorder.com,right,low,usa (44/180 press freedom),organization/foundation,minimal traffic,low credibility
lewrockwell.com,right,low,usa (44/180 press freedom),website,medium traffic,low credibility
mauireporter.com,right-center,mixed,usa (45/180 press freedom),website,minimal traffic,low credibility
mondoweiss.net,left,mixed,usa (45/180 press freedom),website,minimal traffic,low credibility
natall.com,right,low,usa (44/180 press freedom),website,minimal traffic,low credibility
nationalenquirer.com,right,low,usa (44/180 press freedom),magazine,high traffic,low credibility
nationalvanguard.org,right,low,usa (44/180 press freedom),organization/foundation,minimal traffic,low credibility
newnation.org,right,low,usa (45/180 press freedom),website,minimal traffic,low credibility
newswars.com,right,low,usa (44/180 press freedom),website,medium traffic,low credibility
ocalastandard.com,right-center,mixed,usa (45/180 press freedom),website,minimal traffic,low credibility
overpassesforamerica.com,right,mixed,united kingdom (35/180 press freedom),website,minimal traffic,low credibility
thepatriotjournal.com,right,mixed,usa (44/180 press freedom),website,medium traffic,low credibility
patrioticviralnews.com,right,low,usa (45/180 press freedom),website,minimal traffic,low credibility
personalinterpretation.com,right,low,unknown,website,minimal traffic,low credibility
political-discussion.com,right,low,unknown,website,minimal traffic,low credibility
thepoliticalinsider.com,right,low,usa (45/180 press freedom),website,medium traffic,low credibility
quillette.com,right,mixed,australia (25/180 press freedom),website,medium traffic,low credibility
goodsciencing.com,right,low,unknown,website,minimal traffic,low credibility
revolver.news,right,mixed,unknown,website,medium traffic,low credibility
secureamericanow.org,right,mixed,usa (44/180 press freedom),organization/foundation,minimal traffic,low credibility
secoloradonews.com,right-center,mixed,usa (44/180 press freedom),website,minimal traffic,low credibility
shtfplan.com,right,low,usa (44/180 press freedom),website,medium traffic,low credibility
southafricatoday.net,right,mixed,usa (44/180 press freedom),website,minimal traffic,low credibility
stanislausnews.com,right-center,mixed,usa (44/180 press freedom),website,minimal traffic,low credibility
staresattheworld.com,right,low,canada (14/180 press freedom),website,minimal traffic,low credibility
steadfastandloyal.com,right,mixed,usa (44/180 press freedom),website,minimal traffic,low credibility
stonecoldtruth.com,right,low,usa (44/180 press freedom),website,minimal traffic,low credibility
speech-point.com,right,low,unknown,website,minimal traffic,low credibility
summit.news,right,low,usa (45/180 press freedom),website,medium traffic,low credibility
supportisraelnow.com,right,low,unknown,website,minimal traffic,low credibility
syrianews.cc,left,low,unknown,website,minimal traffic,low credibility
takimag.com,right,low,usa (44/180 press freedom),magazine,medium traffic,low credibility
teaparty.org,right,low,usa (44/180 press freedom),organization/foundation,minimal traffic,low credibility
buffalochronicle.com,right,mixed,usa (45/180 press freedom),website,medium traffic,low credibility
thecoloradoherald.com,right,low,unknown,website,medium traffic,low credibility
theconservativebrief.com,right,mixed,usa (45/180 press freedom),website,minimal traffic,low credibility
thefederalistpapers.org,right,low,usa (45/180 press freedom),website,medium traffic,low credibility
freetelegraph.com,right,mixed,usa (44/180 press freedom),website,minimal traffic,low credibility
theconservativetreehouse.com,right,low,usa (44/180 press freedom),website,medium traffic,low credibility
thelibertydaily.com,right,mixed,usa (44/180 press freedom),website,medium traffic,low credibility
majalla.com,right-center,mixed,saudi arabia (170/180 press freedom),magazine,minimal traffic,low credibility
thenationalpatriot.com,right,low,usa (44/180 press freedom),website,minimal traffic,low credibility
thepolitics.online,right,low,unknown,website,minimal traffic,low credibility
digifection.com,right,low,unknown,website,minimal traffic,low credibility
thetruthvoice.net,right,low,unknown,website,minimal traffic,low credibility
truthbasedmedia.com,right,low,unknown,website,minimal traffic,low credibility
apa.org,neutral,high,usa,organization/foundation,medium traffic,
adaa.org,neutral,high,usa (44/180 press freedom),organization/foundation,medium traffic,high credibility
examine.com,neutral,high,canada,website,medium traffic,
healthfeedback.org,neutral,high,france (34/180 press freedom),organization/foundation,medium traffic,high credibility
irena.org,neutral,high,united arab emirates (131/180 press freedom),organization/foundation,medium traffic,high credibility
mayoclinic.org,neutral,high,usa (44/180 press freedom),organization/foundation,high traffic,high credibility
medicalxpress.com,neutral,high,united kingdom (33/180 press freedom),website,medium traffic,high credibility
medscape.com,neutral,high,usa (44/180 press freedom),website,high traffic,high credibility
technologyreview.com,neutral,high,usa (44/180 press freedom),website,medium traffic,high credibility
noaa.gov,neutral,high,usa (44/180 press freedom),organization/foundation,medium traffic,high credibility
newhumanist.org.uk,neutral,high,united kingdom (33/180 press freedom),magazine,medium traffic,high credibility
newscientist.com,neutral,high,united kingdom (34/180 press freedom),magazine,high traffic,high credibility
nextbigfuture.com,neutral,high,usa (44/180 press freedom),website,medium traffic,high credibility
oceana.org,neutral,high,usa (44/180 press freedom),organization/foundation,medium traffic,high credibility
phys.org,neutral,high,united kingdom (33/180 press freedom),website,high traffic,high credibility
plos.org,neutral,high,usa (44/180 press freedom),journal/website,high traffic,high credibility
quantamagazine.org,neutral,high,usa (44/180 press freedom),website,medium traffic,high credibility
realclimate.org,neutral,high,usa (44/180 press freedom),website,medium traffic,high credibility
science.org,neutral,high,usa,journal,high traffic,high credibility
sciencebasedmedicine.org,neutral,high,usa (44/180 press freedom),organization/foundation,medium traffic,high credibility
sciencedaily.com,neutral,high,usa (45/180 press freedom),website,high traffic,high credibility
sciencenews.org,neutral,high,usa (44/180 press freedom),magazine,medium traffic,high credibility
skeptoid.com,neutral,high,usa (45/180 press freedom),website,minimal traffic,high credibility
smithsonianmag.com,neutral,high,usa (44/180 press freedom),magazine,high traffic,high credibility
societyforscience.org,neutral,high,usa (44/180 press freedom),organization/foundation,medium traffic,high credibility
bmj.com,neutral,high,united kingdom(33/180 press freedom),journal,high traffic,high credibility
democracychronicles.org,left,mixed,usa,organization/foundation,minimal traffic,medium credibility
msnbc.com,left,mixed,usa,tv station,high traffic,medium credibility
derstandard.at,left-center,high,austria (18/180 press freedom),newspaper,high traffic,high credibility
houstonchronicle.com,left-center,high,usa,newspaper,high traffic,high credibility
cincinnati.com,neutral,high,usa,newspaper,high traffic,high credibility
popularresistance.org,left,mixed,usa (44/180 press freedom),organization/foundation,minimal traffic,high credibility
blackenterprise.com,left-center,high,usa,magazine,medium traffic,high credibility
blackpressusa.com,left-center,high,usa,website,minimal traffic,high credibility
cbc.ca,left-center,high,canada,tv station,high traffic,high credibility
radio-canada.ca,left-center,high,canada,radio station,high traffic,high credibility
deseret.com,right-center,high,usa,newspaper,high traffic,high credibility
atr.org,right,mixed,usa,organization/foundation,medium traffic,medium credibility
thecollegefix.com,right,mixed,usa (45/180 press freedom),organization/foundation,medium traffic,medium credibility
charismanews.com,right,mixed,usa,website,medium traffic,low credibility
clashdaily.com,right,low,usa,website,medium traffic,low credibility
watchers.news,neutral,mixed,united kingdom,website,medium traffic,medium credibility
